#																																																
#OTU ID	P11_GT85_I_D	P11_GT85_II_D	P11_GT85_III_D	P11_GT85_IV_D	P11_GT85_V_D	P11_GT85_VI_D	P17_BH58_I_D	P17_BH58_II_D	P17_BH58_III_D	P17_BH58_IV_D	P17_BH58_V_D	P17_BH58_VI_D	P18_SJ75_I_D	P18_SJ75_II_D	P18_SJ75_III_D	P18_SJ75_IV_D	P18_SJ75_V_D	P2_ZM87_I_D	P2_ZM87_II_D	P2_ZM87_III_D	P2_ZM87_IV_D	P2_ZM87_V_D	P2_ZM87_VI_D	P30_KM73_I_D	P30_KM73_II_D	P30_KM73_III_D	P30_KM73_IV_D	P30_KM73_V_D	P30_KM73_VI_D	P36_KJ78_I_D	P36_KJ78_III_D	P36_KJ78_IV_D	P36_KJ78_V_D	P36_KJ78_VI_D	P37_SJ55_I_D	P37_SJ55_II_D	P37_SJ55_III_D	P37_SJ55_IV_D	P37_SJ55_V_D	P37_SJ55_VI_D	P43_BR63_I_D	P43_BR63_II_D	P43_BR63_III_D	P8_LV78_I_D	P8_LV78_II_D	P8_LV78_III_D	P8_LV78_IV_D	P8_LV78_V_D
Unassigned;__;__;__;__;__;__	0.016817907	0.008898776	0.011516315	0.015280136	0.027925062	0.001723544	0.007411631	0.010766615	0.008481646	0.019607843	0.013065025	0.017715124	0.027697136	0.013757643	0.014121801	0.036540947	0.060447339	0.043691923	0.030074328	0.041166641	0.094352617	0.108048162	0.031715675	0.013028839	0.015007776	0.041671685	0.079206151	0.065986433	0.010743802	0.033699634	0.055288462	0.022788088	0.008403361	0.014241245	0.022201963	0.049735344	0.011116938	0.004292582	0.005976252	0.007763222	0.01314007	0	0.002551834	0.335285505	0.009423503	0.021201977	0.006680731	0.068890104
d__Bacteria;p__Acidobacteriota;c__Acidobacteriae;o__Acidobacteriales;f__Acidobacteriaceae_(Subgroup_1);g__Bryocella;s__uncultured_bacterium	0	0	0	0	0	0	0	0	0	0	0	0	0	0	0	0	0	0	0	0	0	0	0	0	0	0	0	0	0	0	0	0	0	0	0	0.000998702	0	0	0	0	0	0	0	0	0	0	0	0.017085839
d__Bacteria;p__Actinobacteriota;c__Actinobacteria;o__Actinomycetales;f__Actinomycetaceae;g__Mobiluncus;s__Mobiluncus_curtisii	0	0	0	0	0	0	0	0	0	0	0	0	0	0	0	0	0.000283126	0	0	0	0	0	0	0	0	0	0	0	0	0	0	0	0	0	0	0	0	0	0	0.011321365	0	0	0	0	0	0	0	0
d__Bacteria;p__Actinobacteriota;c__Actinobacteria;o__Bifidobacteriales;f__Bifidobacteriaceae;g__Bifidobacterium;__	0	0	0	0.028726655	0	0	0	0	0	0	0	0	0	0	0	0	0	0	0	0	0	0	0	0	0	0	0	0	0	0	0	0	0	0	0	0	0	0.002146291	0.002752221	0.001617338	0	0	0	0	0	0	0	0
d__Bacteria;p__Actinobacteriota;c__Actinobacteria;o__Bifidobacteriales;f__Bifidobacteriaceae;g__Bifidobacterium;s__Bifidobacterium_longum	0	0	0	0.014397284	0	0	0	0	0	0	0.000750863	0	0	0	0	0	0	0	0	0	0	0	0	0	0	0	0	0	0	0	0	0	0	0	0	0	0	0	0	0	0	0	0	0	0	0	0	0
d__Bacteria;p__Actinobacteriota;c__Actinobacteria;o__Bifidobacteriales;f__Bifidobacteriaceae;g__Gardnerella;s__Gardnerella_vaginalis	0	0	0.002079335	0	0.002651113	0	0	0	0.007508343	0	0.00225259	0	0	0	0	0	0	0	0	0	0	0.000316857	0	0	0	0.01577743	0.001430359	0.00016819	0.000508582	0	0	0	0	0	0	0	0	0	0	0	0	0	0	0	0.001108647	0	0	0.002186987
d__Bacteria;p__Actinobacteriota;c__Actinobacteria;o__Corynebacteriales;f__Corynebacteriaceae;g__Corynebacterium;__	0	0	0	0	0.003534818	0.012064805	0	0.001538088	0.023081201	0.012605042	0	0.004812779	0	0	0.021888791	0.016566796	0.159258211	0	0	0.000455719	0.000590319	0	0	0	0	0.001927014	0	0	0	0.010714286	0.024745475	0	0	0.000233463	0.001662466	0.009188056	0	0.007383242	0.008649839	0.015688177	0.00203197	0.007788162	0.022966507	0	0	0	0	0.003143794
d__Bacteria;p__Actinobacteriota;c__Actinobacteria;o__Corynebacteriales;f__Corynebacteriaceae;g__Corynebacterium;s__Corynebacterium_imitans	0	0	0	0	0	0	0	0	0	0	0	0	0	0	0	0	0	0	0	0	0	0	0	0	0	0	0	0	0	0.038827839	0.067024887	0	0.020168067	0.002957198	0	0	0	0	0	0	0	0	0	0	0	0	0	0.006697649
d__Bacteria;p__Actinobacteriota;c__Actinobacteria;o__Corynebacteriales;f__Corynebacteriaceae;g__Corynebacterium;s__uncultured_bacterium	0.012220206	0.00945495	0.027831094	0.021935484	0.050547897	0.036194416	0.061573546	0.094875739	0.095939933	0.339535814	0.116383841	0.26951565	0.005413888	0.038632574	0.361400412	0.124427212	0.363391846	0.009917798	0.009262436	0.031900349	0.048996458	0.145278834	0.224480038	0.257209779	0.316562986	0.09309888	0.684069372	0.732802601	0.590781945	0.358241758	0.301894796	0.004574881	0.046722689	0.007937743	0.530487478	0.105263158	0.002517042	0.467805632	0.059683888	0.1785541	0.391086426	0.033229491	0.062998405	0.071742313	0.029101996	0.020564323	0.227144866	0.064242756
d__Bacteria;p__Actinobacteriota;c__Actinobacteria;o__Corynebacteriales;f__Corynebacteriaceae;g__Lawsonella;s__uncultured_bacterium	0	0.003893215	0	0.003056027	0	0	0.008694413	0.00647616	0.007647386	0	0.002552936	0	0	0.002223457	0	0	0	0.038464975	0.00102916	0.01678566	0.004230618	0.021546261	0	0	0	0.001565699	0.000625782	0.000840949	0	0	0.001838235	0.000776867	0.002352941	0	0	0.002197144	0.000524384	0	0.002909491	0.008895358	0	0	0	0	0	0	0	0.00123018
d__Bacteria;p__Actinobacteriota;c__Actinobacteria;o__Corynebacteriales;f__Corynebacteriaceae;g__Turicella;s__uncultured_bacterium	0	0	0	0	0	0.000689417	0	0	0	0	0	0	0	0	0	0	0	0	0	0	0	0	0	0	0	0	0	0	0	0	0	0	0	0	0	0.023269749	0	0	0	0	0	0	0	0	0	0	0	0
d__Bacteria;p__Actinobacteriota;c__Actinobacteria;o__Frankiales;f__Geodermatophilaceae;g__Blastococcus;s__Candidatus_Blastococcus	0	0	0	0	0	0	0	0	0	0	0	0	0	0	0	0	0	0	0	0	0	0	0	0	0	0.010959894	0	0	0	0	0	0	0	0	0	0	0	0.000257555	0.000550444	0.000970403	0	0	0	0	0	0	0	0
d__Bacteria;p__Actinobacteriota;c__Actinobacteria;o__Micrococcales;f__Brevibacteriaceae;g__Brevibacterium;s__uncultured_bacterium	0	0	0	0	0	0	0	0	0	0.00130052	0	0.000273066	0	0	0	0.0023499	0	0	0	0	0	0	0	0	0	0	0	0	0	0.001923077	0	0	0	0	0.000697163	0.001897533	0	0.011761676	0	0.002426007	0	0	0	0	0	0	0	0
d__Bacteria;p__Actinobacteriota;c__Actinobacteria;o__Micrococcales;f__Dermabacteraceae;g__Dermabacter;__	0.000725953	0	0	0	0	0	0	0	0	0	0	0.006894904	0.002903099	0.000972763	0.011709326	0	0.008635334	0	0	0	0	0	0.001195314	0	0.003265941	0	0.001877347	0	0	0.006913919	0.034502262	0.000258956	0.001680672	0	0.004236606	0	0	0.004035027	0	0.003072942	0.001354646	0	0	0	0	0	0	0.001776927
d__Bacteria;p__Actinobacteriota;c__Actinobacteria;o__Micrococcales;f__Intrasporangiaceae;g__Janibacter;__	0	0	0	0	0	0	0	0	0	0	0	0	0	0	0	0	0	0	0	0	0	0	0	0	0	0.002529206	0	0	0	0	0	0	0	0	0	0	0	0	0.003302666	0	0	0.002076843	0.035087719	0	0	0	0	0
d__Bacteria;p__Actinobacteriota;c__Actinobacteria;o__Micrococcales;f__Microbacteriaceae;g__Microbacterium;s__Microbacterium_sp.	0	0	0	0	0	0	0	0	0	0	0	0	0	0	0	0	0	0	0	0	0	0	0	0	0	0.015897868	0	0	0	0	0	0	0	0	0	0	0	0	0	0	0	0	0	0	0	0	0	0.006560962
d__Bacteria;p__Actinobacteriota;c__Actinobacteria;o__Micrococcales;f__Micrococcaceae;g__Kocuria;__	0	0	0	0	0.003534818	0.001723544	0	0	0.015294772	0	0.040096111	0.006178107	0	0.001806559	0.001471021	0	0	0	0	0	0	0	0	0	0	0	0	0	0	0	0	0	0	0	0	0	0	0	0	0	0.001286914	0	0.01307815	0	0	0.003825921	0	0
d__Bacteria;p__Actinobacteriota;c__Actinobacteria;o__Micrococcales;f__Micrococcaceae;g__Kocuria;s__Kocuria_palustris	0	0	0	0.003123939	0	0	0	0	0.003476085	0	0	0	0	0	0	0.014451886	0	0	0	0	0	0	0	0	0	0.005540166	0	0	0	0	0	0	0	0	0	0.004094677	0	0.00206044	0.002359047	0.007116287	0.002980222	0	0.03923445	0	0	0	0	0.007244396
d__Bacteria;p__Actinobacteriota;c__Actinobacteria;o__Micrococcales;f__Micrococcaceae;g__Micrococcus;__	0.001330913	0	0	0.003599321	0.004418522	0.005860048	0	0	0.031840934	0.00190076	0.042048356	0.006075707	0	0	0	0	0	0.001429593	0	0	0	0.001108999	0.00135469	0.000292783	0	0.033240997	0.000804577	0.001009138	0	0.000320513	0.027714932	0	0.006722689	0	0.000858047	0.024468191	0	0.002747253	0.010694346	0.044153324	0.018287727	0.008307373	0.137958533	0.068814056	0.010809313	0.010999522	0.003750586	0.004647348
d__Bacteria;p__Actinobacteriota;c__Actinobacteria;o__Micrococcales;f__Micrococcaceae;g__Rothia;__	0	0	0	0	0	0	0.003990878	0.003157128	0.002641824	0.00230092	0.012614507	0.000614397	0	0	0	0	0	0	0	0	0	0	0	0	0	0	0	0	0	0	0	0	0	0	0	0	0	0	0	0	0	0	0	0	0	0	0	0.004920722
d__Bacteria;p__Actinobacteriota;c__Actinobacteria;o__Micrococcales;f__Micrococcaceae;g__Rothia;s__uncultured_bacterium	0	0	0	0.000882852	0.002474373	0	0	0	0.010011123	0	0	0	0	0.000833797	0	0	0	0	0	0	0	0	0	0.002342263	0.000544323	0	0	0.000392443	0	0	0	0	0.001680672	0.000311284	0	0	0	0	0.00353857	0	0.000677323	0	0.000956938	0	0.004988914	0.009724215	0	0.01831602
d__Bacteria;p__Actinobacteriota;c__Actinobacteria;o__Propionibacteriales;f__Propionibacteriaceae;g__Cutibacterium;__	0	0	0	0.000814941	0	0	0.018386545	0.014247551	0	0.008603441	0	0.003413319	0	0	0.030597234	0	0.00891846	0.004958899	0	0	0.014954742	0.005967469	0.008606263	0.001317523	0.000777605	0	0	0	0	0.000457875	0	0	0	0	0.000482651	0	0	0.000858516	0	0	0.001015985	0	0.000637959	0	0	0	0	0
d__Bacteria;p__Actinobacteriota;c__Actinobacteria;o__Propionibacteriales;f__Propionibacteriaceae;g__Cutibacterium;s__uncultured_bacterium	0.858318209	0.786985539	0.295265515	0.239796265	0.402615765	0.462943812	0.354190422	0.288593864	0.168103448	0.014105642	0.248385643	0.010410622	0.296586897	0.390911618	0.023065608	0.110210316	0.044309173	0.804994639	0.780331618	0.866702111	0.393939394	0.356727926	0.366722448	0.060898844	0.014618974	0.06455498	0.025478276	0.018949375	0.007310871	0.005448718	0.154128959	0.842037117	0.641680672	0.807237354	0.026277685	0.403275742	0.673728369	0.016225962	0.410080994	0.181465308	0.008940666	0.043094496	0.044338118	0.183016105	0.069013304	0.097401562	0.015705579	0.151858939
d__Bacteria;p__Bacteroidota;c__Bacteroidia;o__Bacteroidales;f__Bacteroidaceae;g__Bacteroides;__	0	0	0	0	0	0	0	0	0	0.00030012	0	0	0	0	0	0	0	0	0	0	0	0	0	0	0	0	0	0	0	0	0	0	0	0	0	0	0	0	0	0.002749474	0	0	0.011802233	0	0	0	0	0
d__Bacteria;p__Bacteroidota;c__Bacteroidia;o__Bacteroidales;f__Bacteroidaceae;g__Bacteroides;s__uncultured_bacterium	0	0	0	0.000475382	0.001060445	0	0	0	0.010150167	0.003701481	0.0016519	0	0	0	0	0.055340148	0	0	0	0	0	0	0	0	0	0.004937974	0	0	0	0	0.001272624	0	0	0	0	0	0	0.002661401	0	0.002102539	0	0	0.011004785	0	0	0.00047824	0	0.002597048
d__Bacteria;p__Bacteroidota;c__Bacteroidia;o__Bacteroidales;f__Prevotellaceae;g__Prevotella;s__Prevotella_colorans	0	0	0	0	0	0	0	0	0	0	0	0	0	0	0	0	0.000849377	0	0	0	0	0	0	0	0	0	0	0	0	0	0	0	0	0	0	0	0	0	0	0.024907003	0	0	0	0	0	0	0	0
d__Bacteria;p__Bacteroidota;c__Bacteroidia;o__Bacteroidales;f__Prevotellaceae;g__Prevotella;s__Prevotella_disiens	0	0	0	0	0	0	0	0	0	0	0	0.000273066	0	0	0	0	0	0	0	0	0	0	0	0	0	0	0.00035759	0	0	0	0	0	0	0	0	0	0	0.00206044	0	0.050622675	0	0	0	0	0	0	0	0.000273373
d__Bacteria;p__Bacteroidota;c__Bacteroidia;o__Bacteroidales;f__Prevotellaceae;g__Prevotella;s__uncultured_bacterium	0	0.001112347	0	0	0	0	0.001710376	0	0.001529477	0.00310124	0.007358462	0.000341332	0	0.001111729	0.00070609	0.00164493	0	0	0	0	0.00167257	0.000844951	0.000557813	0	0.000544323	0	0	0.000336379	0.000127146	0	0	0	0	0	0	0	0	0.051167582	0.00353857	0.02264273	0.000609591	0	0.001275917	0	0	0.013231309	0	0.018452706
d__Bacteria;p__Bacteroidota;c__Bacteroidia;o__Bacteroidales;f__Tannerellaceae;g__Parabacteroides;__	0	0	0	0	0	0	0	0	0	0	0	0	0	0	0	0.010927036	0	0	0	0	0	0	0	0	0	0.001324822	0	0	0	0	0	0	0	0	0	0	0	0	0	0	0	0	0	0	0	0	0	0
d__Bacteria;p__Cyanobacteria;c__Cyanobacteriia;o__Chloroplast;f__Chloroplast;g__Chloroplast;__	0.001814882	0	0.001919386	0.036332767	0	0.003447087	0	0	0.003337041	0	0.019972969	0	0	0	0.001176817	0.015039361	0	0	0	0	0	0	0	0.003952569	0.001088647	0.009635072	0.001787949	0	0.000635728	0.000503663	0.0364819	0	0.007731092	0	0.000804419	0.016079097	0	0	0.005583078	0	0	0	0.00446571	0	0.006651885	0.024549657	0.004336615	0.028840897
d__Bacteria;p__Cyanobacteria;c__Cyanobacteriia;o__Chloroplast;f__Chloroplast;g__Chloroplast;s__uncultured_bacterium	0	0	0	0	0	0	0	0	0	0.003501401	0	0	0	0	0	0.004582305	0	0	0	0	0	0	0	0	0	0	0	0	0	0	0	0	0	0	0.000804419	0.012184161	0	0	0.000629079	0.001779072	0	0	0	0	0	0.007811255	0	0.041552761
d__Bacteria;p__Firmicutes;c__Bacilli;o__Lactobacillales;f__Aerococcaceae;g__Aerococcus;__	0	0	0	0	0	0	0	0	0	0	0	0	0	0	0	0	0	0	0	0	0	0	0	0	0	0.022401542	0	0	0	0	0	0	0	0	0	0.000998702	0	0	0	0	0	0	0	0	0	0	0	0
d__Bacteria;p__Firmicutes;c__Bacilli;o__Lactobacillales;f__Aerococcaceae;g__Eremococcus;s__uncultured_bacterium	0.000604961	0	0	0	0	0	0	0	0	0	0	0.000307199	0	0	0	0.000587475	0	0	0	0	0	0	0	0	0	0	0	0	0	0.001739927	0.011170814	0	0.001344538	0	0	0	0	0	0	0	0	0	0	0	0	0	0	0
d__Bacteria;p__Firmicutes;c__Bacilli;o__Lactobacillales;f__Carnobacteriaceae;g__Carnobacterium;__	0	0	0	0	0	0	0	0	0	0	0	0	0	0	0	0	0	0	0	0	0	0	0	0	0	0	0	0	0	0	0.011312217	0	0	0	0	0	0	0	0.004324919	0.001617338	0	0	0	0	0	0	0	0
d__Bacteria;p__Firmicutes;c__Bacilli;o__Lactobacillales;f__Carnobacteriaceae;g__Granulicatella;s__uncultured_bacterium	0	0.008064516	0	0.003463497	0.001237186	0	0	0	0.001807564	0	0	0.000170666	0	0	0.000176523	0	0	0	0	0	0	0	0.000239063	0.000585566	0	0.001083946	0	0	0	0	0	0	0	0	0	0.000599221	0	0	0	0	0.000474126	0	0	0	0.01191796	0	0	0.015445599
d__Bacteria;p__Firmicutes;c__Bacilli;o__Lactobacillales;f__Lactobacillaceae;g__Lactobacillus;__	0	0	0	0.014736842	0	0	0	0	0	0	0	0	0	0	0	0	0	0	0	0	0	0	0	0	0	0.010839456	0	0.000280316	0.000127146	0	0.000565611	0	0	0	0	0	0	0	0	0.000646935	0	0	0.001754386	0	0	0.010521282	0	0
d__Bacteria;p__Firmicutes;c__Bacilli;o__Lactobacillales;f__Lactobacillaceae;g__Lactobacillus;s__Lactobacillus_curvatus	0	0	0	0	0	0	0	0	0	0	0.006006908	0	0	0	0	0	0	0	0	0	0	0	0	0	0	0.000843069	0	0.002803162	0	0	0	0	0	0	0	0	0	0	0	0	0	0	0.000637959	0	0	0.106488124	0	0.006287589
d__Bacteria;p__Firmicutes;c__Bacilli;o__Lactobacillales;f__Lactobacillaceae;g__Lactobacillus;s__Lactobacillus_jensenii	0	0	0	0.011273345	0	0	0	0	0	0	0	0	0	0	0	0	0	0	0	0	0	0	0	0	0	0	0	0	0	0	0	0	0	0	0	0	0	0	0	0	0	0	0	0	0	0	0	0
d__Bacteria;p__Firmicutes;c__Bacilli;o__Lactobacillales;f__Lactobacillaceae;g__Lactobacillus;s__Lactobacillus_sakei	0	0	0	0	0	0	0	0	0	0	0	0	0	0	0	0	0	0	0	0	0	0	0	0	0	0	0	0	0	0	0.011736425	0	0	0	0	0	0	0	0.005425808	0	0	0	0	0	0	0	0	0
d__Bacteria;p__Firmicutes;c__Bacilli;o__Lactobacillales;f__Lactobacillaceae;g__Lactobacillus;s__uncultured_bacterium	0	0	0.010716571	0.146417657	0.002827854	0	0	0	0	0	0	0	0	0	0.000176523	0	0	0	0	0	0	0	0	0	0	0	0	0	0	0	0.000565611	0	0	0	0	0	0	0	0	0	0	0	0	0.004392387	0.003880266	0.007173601	0	0.013395298
d__Bacteria;p__Firmicutes;c__Bacilli;o__Lactobacillales;f__Leuconostocaceae;g__Leuconostoc;__	0	0	0	0.00278438	0	0	0	0	0	0	0	0	0	0	0	0	0	0	0	0	0	0	0	0	0	0	0	0	0	0	0.007211538	0	0	0	0	0	0	0	0.03884564	0	0	0	0	0	0	0	0	0.002870421
d__Bacteria;p__Firmicutes;c__Bacilli;o__Lactobacillales;f__Leuconostocaceae;g__Leuconostoc;s__Leuconostoc_carnosum	0.003750756	0	0	0.000475382	0	0	0.001995439	0	0.002919911	0	0.000901036	0	0	0	0	0	0	0	0	0	0	0	0	0	0	0	0	0	0	0	0.050480769	0	0	0	0	0	0	0	0.194306833	0	0	0	0.002711324	0	0	0.007333015	0	0
d__Bacteria;p__Firmicutes;c__Bacilli;o__Lactobacillales;f__Streptococcaceae;g__Streptococcus;__	0.001572898	0.013626251	0	0.012224109	0	0	0	0	0.036012236	0.003601441	0	0.00075093	0	0.00319622	0	0.003172365	0	0	0	0	0.000983865	0	0	0	0	0.004697097	0.001340962	0	0	0	0.008201357	0.000949504	0	0	0.001179814	0	0	0	0.003066761	0.00727802	0.00176104	0	0.003189793	0	0	0.029172645	0	0
d__Bacteria;p__Firmicutes;c__Bacilli;o__Lactobacillales;f__Streptococcaceae;g__Streptococcus;s__Streptococcus_salivarius	0	0.003615128	0	0	0	0	0.002708096	0.001699992	0.006952169	0	0	0.001774926	0	0	0.000647249	0	0	0	0	0	0	0.000528095	0	0	0	0.002890521	0	0.001401581	0	0	0.002121041	0	0	0	0	0	0	0.002833104	0.003066761	0.003558143	0.00088052	0	0.002870813	0.023426061	0.003880266	0.020245497	0	0.007791143
d__Bacteria;p__Firmicutes;c__Bacilli;o__Lactobacillales;f__Streptococcaceae;g__Streptococcus;s__uncultured_bacterium	0	0	0.001759437	0.009032258	0.016260163	0	0.003990878	0.0020238	0.007091212	0	0.013215197	0	0	0	0.00211827	0	0	0.000670122	0	0	0	0	0.002071878	0.003220612	0.001788491	0.017945321	0	0.001962213	0	0	0	0	0.004705882	0.001322957	0	0.006891042	0	0	0.003145396	0.003072942	0.001557843	0	0.006220096	0.019033675	0.013303769	0.04320102	0.000937647	0.041142701
d__Bacteria;p__Firmicutes;c__Bacilli;o__Staphylococcales;f__Staphylococcaceae;g__Staphylococcus;__	0.0646098	0.094271413	0.144433781	0.049575552	0.227642276	0.25336091	0.174743444	0.172913462	0.074388209	0.056722689	0.089202583	0.123493873	0.060023539	0.277237354	0.074257134	0.068147104	0.053652322	0.03270193	0.126815323	0.029090081	0.099075167	0.098067174	0.062315722	0.373883765	0.356531882	0.067927255	0.054353656	0.065986433	0.161029879	0.039514652	0.028280543	0.079240397	0.079663866	0.108015564	0.026974849	0.048936383	0.175563713	0.009958791	0.052999921	0.039786511	0.122730967	0.371235722	0.048644338	0.161054173	0.593957871	0.264626176	0.127168308	0.050027337
d__Bacteria;p__Firmicutes;c__Bacilli;o__Staphylococcales;f__Staphylococcaceae;g__Staphylococcus;s__Staphylococcus_auricularis	0	0	0	0	0	0	0	0	0	0	0	0	0	0	0	0	0	0	0	0	0	0	0	0	0	0	0	0	0	0	0	0	0	0	0	0.026865075	0	0	0.001494063	0	0	0	0	0	0	0	0	0
d__Bacteria;p__Firmicutes;c__Bacilli;o__Staphylococcales;f__Staphylococcaceae;g__Staphylococcus;s__Staphylococcus_epidermidis	0.034845735	0.054226919	0.064619322	0.027028862	0.111700247	0.124439848	0.086659065	0.084999595	0.035038932	0.045618247	0.049556991	0.097177185	0.041977246	0.148415787	0.033421595	0.022794031	0.030436014	0.012062187	0.03133219	0.008658666	0.024990161	0.025031686	0.018328154	0.148148148	0.188024883	0.04275563	0.032183086	0.035151651	0.063127781	0.024954212	0.013291855	0.037721191	0.019495798	0.0492607	0.013031587	0.021671827	0.095857368	0.003777473	0.018321931	0	0.040774858	0.157840083	0.01307815	0	0.104490022	0.057229396	0.066104079	0.014488792
d__Bacteria;p__Firmicutes;c__Bacilli;o__Staphylococcales;f__Staphylococcaceae;g__Staphylococcus;s__Staphylococcus_haemolyticus	0	0	0	0	0	0	0	0	0.019466073	0	0	0.050414718	0	0	0.043012651	0	0.041761042	0	0	0	0	0	0	0	0.020995334	0	0	0	0	0.002747253	0.009473982	0	0	0	0	0	0	0	0	0	0	0	0	0	0	0	0	0
d__Bacteria;p__Firmicutes;c__Bacilli;o__Staphylococcales;f__Staphylococcaceae;g__Staphylococcus;s__Staphylococcus_hominis	0	0	0.438259757	0.054736842	0.040650407	0.033781455	0.069270239	0.080547235	0.092185762	0.256702681	0.061420634	0.248660272	0	0.018343524	0.10279494	0.266713665	0.104473386	0.002769836	0	0	0.260920897	0.18404098	0.212606582	0.050065876	0.0155521	0.075876189	0.05247631	0.021416157	0.032294978	0.220833333	0.029977376	0	0	0	0.256448759	0.030360531	0	0.144660027	0.006133522	0.008571891	0.140883229	0.172897196	0.052950558	0.087847731	0.025776053	0.014506616	0.330285982	0.059732094
d__Bacteria;p__Firmicutes;c__Bacilli;o__Staphylococcales;f__Staphylococcaceae;g__Staphylococcus;s__Staphylococcus_lugdunensis	0	0	0	0.007945671	0	0.009996553	0	0	0	0	0	0	0	0	0.002000588	0	0.003539071	0	0	0	0	0.001478665	0	0.01215049	0.014541213	0	0	0.005382071	0.019898284	0	0	0	0	0	0	0	0	0	0	0	0	0	0	0	0	0	0.026957337	0
d__Bacteria;p__Firmicutes;c__Bacilli;o__Staphylococcales;f__Staphylococcaceae;g__Staphylococcus;s__Staphylococcus_sp.	0	0	0	0.002648557	0	0	0	0.003319032	0.006674082	0	0.084697402	0	0	0	0.001706384	0	0	0	0	0	0	0	0	0	0	0.008671564	0	0	0	0	0	0	0	0	0	0	0	0	0.001965872	0.004852014	0	0	0	0	0	0.011637175	0	0.016539092
d__Bacteria;p__Firmicutes;c__Bacilli;o__Staphylococcales;f__Staphylococcaceae;g__Staphylococcus;s__uncultured_bacterium	0	0	0	0.001086587	0	0	0.005701254	0.015461831	0.017936596	0.011104442	0.001051209	0.03672731	0.011769321	0.046692607	0.006295969	0	0.017412231	0.033238027	0.017610063	0.004329333	0.046930342	0.032160963	0.008845326	0.050358659	0.005365474	0	0	0.004204743	0.009027336	0.214468864	0.023048643	0.01044454	0.155294118	0.007081712	0.087306269	0.039348846	0.01363398	0.110834478	0.065031061	0.087821446	0.008263343	0.055555556	0	0	0	0	0.177684013	0.029387644
d__Bacteria;p__Firmicutes;c__Clostridia;o__Lachnospirales;f__Lachnospiraceae;g__Blautia;s__uncultured_bacterium	0	0	0	0.034159593	0	0	0	0	0	0	0	0	0	0	0	0.016214311	0	0	0	0	0	0	0	0	0	0.001324822	0	0	0	0	0	0	0	0	0	0	0	0.007898352	0.002752221	0.005013747	0	0	0.002711324	0	0	0	0	0.001093494
d__Bacteria;p__Firmicutes;c__Clostridia;o__Lachnospirales;f__Lachnospiraceae;g__Roseburia;s__uncultured_bacterium	0	0	0	0	0	0	0	0	0	0	0	0	0	0	0	0.025966396	0	0	0	0	0	0	0	0	0	0	0	0	0	0	0	0	0	0	0	0	0	0.007640797	0	0.002749474	0	0	0.001435407	0	0	0	0	0
d__Bacteria;p__Firmicutes;c__Clostridia;o__Lachnospirales;f__Lachnospiraceae;g__[Ruminococcus]_gnavus_group;s__uncultured_bacterium	0	0	0	0.037826825	0.000706964	0	0	0	0.006674082	0	0	0	0	0	0	0	0	0	0	0	0	0	0	0	0	0	0	0	0	0	0	0	0	0	0	0	0	0	0	0	0	0	0.001435407	0	0	0	0	0
d__Bacteria;p__Firmicutes;c__Clostridia;o__Oscillospirales;f__Ruminococcaceae;g__Faecalibacterium;s__uncultured_bacterium	0	0	0	0	0	0	0	0	0	0	0	0	0	0	0	0.009047115	0	0	0	0	0	0	0	0	0	0.00228833	0	0	0	0	0	0	0	0	0	0.000299611	0	0.011933379	0.000943619	0.002426007	0	0	0.000797448	0	0	0	0	0
d__Bacteria;p__Firmicutes;c__Clostridia;o__Oscillospirales;f__Ruminococcaceae;g__Ruminococcus;s__uncultured_bacterium	0	0	0	0	0	0	0	0	0	0	0	0	0	0	0	0.011162026	0	0	0	0	0	0	0	0	0	0	0	0	0	0	0	0	0	0	0	0	0	0.002146291	0.001179523	0.002264273	0	0	0.000637959	0	0	0	0	0
d__Bacteria;p__Firmicutes;c__Clostridia;o__Oscillospirales;f__Ruminococcaceae;g__Subdoligranulum;s__uncultured_bacterium	0	0	0	0	0	0	0	0	0	0	0	0	0	0	0	0.010927036	0	0	0	0	0	0	0	0	0	0	0	0	0	0	0	0	0	0	0	0	0	0	0.000393174	0.001617338	0	0	0	0	0	0	0	0
d__Bacteria;p__Firmicutes;c__Clostridia;o__Peptostreptococcales-Tissierellales;f__Peptostreptococcales-Tissierellales;g__Anaerococcus;s__uncultured_bacterium	0.001572898	0	0	0.005840407	0.010074231	0.01620131	0.185433295	0.185541974	0.018631813	0.115946379	0.018771587	0.047991262	0.407453903	0.023763202	0.19017358	0.020561626	0.064835787	0.007952109	0.001143511	0	0.001475797	0.00195395	0.009004702	0.003513395	0.036314152	0.017222691	0.032808868	0.033021248	0.100317864	0.011813187	0.009049774	0	0	0	0.009116748	0.024967542	0.026743576	0.012791896	0.017221043	0.041403849	0.204958006	0.106957425	0.247049442	0	0.01191796	0.0023912	0.003164557	0.011481684
d__Bacteria;p__Firmicutes;c__Clostridia;o__Peptostreptococcales-Tissierellales;f__Peptostreptococcales-Tissierellales;g__Finegoldia;s__uncultured_bacterium	0.000362976	0	0	0.004821732	0.010427713	0.003791796	0.000855188	0.001457136	0.012513904	0.016806723	0.003453972	0.013653275	0.008003138	0.003474152	0.052956752	0.016096816	0.022366931	0.000312723	0.000457404	0	0	0.00100338	0.030121922	0.000878349	0.004199067	0.01047814	0.006883605	0.002018277	0.002097902	0.016163004	0.006645928	0.001208459	0.002352941	0.000856031	0.007025259	0.01178468	0.00031463	0.038289835	0.009121648	0.058224163	0.001964237	0.004672897	0.043221691	0.011713031	0.005820399	0.003666507	0.001172058	0.005194095
d__Bacteria;p__Firmicutes;c__Clostridia;o__Peptostreptococcales-Tissierellales;f__Peptostreptococcales-Tissierellales;g__Peptoniphilus;s__uncultured_bacterium	0	0	0	0.004482173	0.00194415	0.00275767	0.002423033	0.004371408	0.005561735	0.011404562	0.003303799	0.008806362	0.138171832	0.005558644	0.010355987	0.00446481	0.006653454	0.00665654	0	0	0.004033845	0.001742712	0.001035939	0	0.001321928	0.007708057	0.003397104	0.001289455	0.000635728	0.005173993	0.002121041	0	0	0	0.001126187	0.005293119	0	0.005580357	0.004089015	0.042859453	0.00291249	0.034267913	0.027272727	0	0.00304878	0.002550614	0.000703235	0.002460361
d__Bacteria;p__Firmicutes;c__Negativicutes;o__Veillonellales-Selenomonadales;f__Veillonellaceae;g__Dialister;s__uncultured_bacterium	0	0	0	0	0	0	0	0	0	0	0	0	0	0	0	0	0	0	0	0	0	0	0	0	0	0	0	0	0	0	0	0	0	0	0	0	0	0.00051511	0.001179523	0.015041242	0	0	0	0	0	0.000637653	0	0.001776927
d__Bacteria;p__Firmicutes;c__Negativicutes;o__Veillonellales-Selenomonadales;f__Veillonellaceae;g__Veillonella;__	0	0	0	0.016095076	0	0	0	0	0	0	0	0.000170666	0	0	0	0.001762425	0	0	0	0	0	0	0	0	0	0	0	0	0	0	0	0	0	0	0	0	0	0	0	0	0	0	0	0	0	0	0	0
d__Bacteria;p__Firmicutes;c__Negativicutes;o__Veillonellales-Selenomonadales;f__Veillonellaceae;g__Veillonella;s__uncultured_bacterium	0	0.010011123	0	0	0.003711559	0	0.004561003	0.000566664	0.006117909	0.003601441	0.002853281	0.00085333	0	0	0.000764931	0	0	0	0	0	0	0	0.001035939	0.000878349	0	0.003131398	0	0	0	0	0.000565611	0	0	0	0	0	0	0.00154533	0.006526697	0.002102539	0.001151449	0	0.002232855	0	0.011086475	0.013550136	0.000586029	0.00874795
d__Bacteria;p__Proteobacteria;c__Alphaproteobacteria;o__Acetobacterales;f__Acetobacteraceae;g__Endobacter;s__uncultured_bacterium	0	0	0	0	0	0	0	0	0	0	0	0	0	0	0	0	0	0	0	0	0	0	0	0	0	0	0	0	0	0	0	0	0	0	0	0	0	0	0	0	0	0	0	0	0	0	0	0.015582285
d__Bacteria;p__Proteobacteria;c__Alphaproteobacteria;o__Rhizobiales;f__Beijerinckiaceae;g__1174-901-12;s__uncultured_bacterium	0	0	0	0	0	0	0	0	0	0	0	0	0	0	0	0	0	0	0	0	0	0	0	0	0	0	0	0	0	0	0	0	0	0	0	0	0	0	0	0	0	0	0	0	0	0	0	0.012711864
d__Bacteria;p__Proteobacteria;c__Alphaproteobacteria;o__Rhodobacterales;f__Rhodobacteraceae;g__Paracoccus;__	0	0	0	0	0	0	0	0	0	0	0	0.000887463	0	0.00069483	0	0	0	0	0	0.00022786	0	0	0	0.001756697	0	0.012525593	0	0	0	0	0	0	0	0	0	0	0	0	0.001336793	0	0.021132484	0.002076843	0.038118022	0	0	0	0	0
d__Bacteria;p__Proteobacteria;c__Alphaproteobacteria;o__Rhodobacterales;f__Rhodobacteraceae;g__Paracoccus;s__Paracoccus_sp.	0	0	0	0	0	0	0	0	0	0	0	0	0	0	0	0	0	0	0	0	0	0	0	0	0	0	0	0	0	0	0	0	0	0	0	0	0	0	0	0	0	0	0.013875598	0	0	0	0	0
d__Bacteria;p__Proteobacteria;c__Alphaproteobacteria;o__Rickettsiales;f__Mitochondria;g__Mitochondria;__	0	0	0	0	0	0	0	0	0	0	0	0	0	0	0	0	0	0	0	0	0	0	0	0.000585566	0	0	0	0	0	0	0.010180995	0	0	0	0	0	0	0	0	0	0	0	0	0	0	0.016897816	0	0
d__Bacteria;p__Proteobacteria;c__Alphaproteobacteria;o__Tistrellales;f__Geminicoccaceae;g__Candidatus_Alysiosphaera;s__uncultured_bacterium	0	0	0	0	0	0	0	0	0	0	0.012464334	0.000546131	0	0	0	0	0	0	0	0	0	0	0	0	0	0.00373359	0	0	0	0	0	0	0	0	0	0	0	0	0	0	0	0	0	0	0	0	0	0
d__Bacteria;p__Proteobacteria;c__Gammaproteobacteria;o__Alteromonadales;f__Alteromonadaceae;g__Alishewanella;__	0	0	0	0	0	0	0	0	0	0	0	0	0	0	0	0	0	0	0	0	0	0	0	0	0	0.010237264	0	0	0	0	0	0	0	0	0	0	0	0	0	0	0	0	0	0	0	0	0	0
d__Bacteria;p__Proteobacteria;c__Gammaproteobacteria;o__Burkholderiales;f__Neisseriaceae;g__Neisseria;s__uncultured_bacterium	0	0	0	0.00237691	0	0	0	0	0.00125139	0.00110044	0	0	0	0	0	0	0	0	0	0	0	0	0	0	0	0	0	0	0	0	0	0	0	0	0	0.000898832	0	0	0	0	0	0	0	0	0.033259424	0	0	0
d__Bacteria;p__Proteobacteria;c__Gammaproteobacteria;o__Burkholderiales;f__Neisseriaceae;g__uncultured;s__uncultured_bacterium	0	0	0	0.001290323	0	0	0.002565564	0.023718935	0.001807564	0	0.009010362	0	0	0	0.000117682	0.00164493	0	0	0	0	0	0	0	0	0	0	0	0.000280316	0	0	0	0	0	0	0	0	0	0	0.000471809	0.001132137	0	0	0	0	0	0.003188267	0.000820441	0.003690541
d__Bacteria;p__Proteobacteria;c__Gammaproteobacteria;o__Pasteurellales;f__Pasteurellaceae;g__Haemophilus;__	0	0	0	0	0	0	0	0.002104752	0.031423804	0.016606643	0.007358462	0.001262928	0	0.000416898	0	0	0	0	0	0	0	0	0	0	0	0	0	0	0	0	0	0	0	0	0	0	0	0	0	0	0	0	0	0	0	0	0	0
d__Bacteria;p__Proteobacteria;c__Gammaproteobacteria;o__Pasteurellales;f__Pasteurellaceae;g__Haemophilus;s__uncultured_bacterium	0	0.002502781	0	0.002648557	0.002474373	0	0	0	0.010984427	0	0.007358462	0	0	0	0	0	0	0	0	0	0	0	0.000956251	0	0	0.003372275	0	0	0	0	0.000424208	0	0	0	0.000321768	0	0	0	0.001179523	0	0.001083717	0	0	0	0.018569845	0	0	0.020503007
d__Bacteria;p__Proteobacteria;c__Gammaproteobacteria;o__Pasteurellales;f__Pasteurellaceae;g__uncultured;s__uncultured_bacterium	0	0	0	0	0	0	0	0	0	0	0	0	0	0	0	0	0	0	0	0	0	0	0	0	0	0.01047814	0	0	0	0	0	0	0	0	0	0	0	0	0	0	0	0	0	0	0	0	0	0
d__Bacteria;p__Proteobacteria;c__Gammaproteobacteria;o__Pseudomonadales;f__Moraxellaceae;g__Acinetobacter;__	0	0	0	0.007470289	0	0	0.000997719	0.000242856	0.021690768	0	0.004805526	0	0	0	0	0	0	0	0	0	0	0	0	0	0	0.091171866	0.007419989	0	0	0	0	0	0	0	0	0.000499351	0	0	0	0	0.001219182	0	0.018341308	0.019033675	0	0.02279611	0	0.0370421
d__Bacteria;p__Proteobacteria;c__Gammaproteobacteria;o__Pseudomonadales;f__Moraxellaceae;g__Acinetobacter;s__Acinetobacter_calcoaceticus	0	0	0	0	0	0	0	0	0	0	0	0	0	0	0	0	0	0	0	0	0	0	0	0	0	0	0	0	0	0	0	0	0	0	0	0.000898832	0	0	0	0	0	0	0	0	0	0.005898294	0	0.010934937
d__Bacteria;p__Proteobacteria;c__Gammaproteobacteria;o__Pseudomonadales;f__Moraxellaceae;g__Acinetobacter;s__uncultured_bacterium	0	0	0	0	0	0	0	0	0	0	0	0	0	0	0	0	0	0	0	0	0	0	0	0	0	0	0.002413731	0	0	0	0	0	0	0	0	0	0	0	0	0	0	0	0.001754386	0	0	0.017694883	0.001289264	0
d__Bacteria;p__Proteobacteria;c__Gammaproteobacteria;o__Pseudomonadales;f__Moraxellaceae;g__Enhydrobacter;s__uncultured_bacterium	0.001088929	0.001946607	0.001599488	0.012835314	0.007423118	0	0	0.001376184	0.078559511	0.003501401	0.051509236	0.008533297	0	0.007226237	0.000529568	0.012571966	0.001557191	0	0.001600915	0	0	0.003643853	0.001115627	0.001317523	0	0.017704444	0.006257822	0.000897012	0.001335029	0.000549451	0.015837104	0	0	0.000389105	0.000858047	0	0	0	0.000864984	0.002749474	0.004131672	0	0.008931419	0.014641288	0.00748337	0.012274829	0.004688233	0.018862767
d__Bacteria;p__Proteobacteria;c__Gammaproteobacteria;o__Pseudomonadales;f__Moraxellaceae;g__Moraxella;__	0	0	0	0	0	0	0	0	0	0	0	0	0	0	0	0	0	0	0	0	0	0	0	0	0	0.001686138	0	0	0	0	0	0	0	0	0	0.01188455	0	0	0	0	0	0	0	0	0	0	0	0
d__Bacteria;p__Proteobacteria;c__Gammaproteobacteria;o__Pseudomonadales;f__Pseudomonadaceae;g__Pseudomonas;__	0	0	0	0.007809847	0.005302227	0	0	0	0.005422692	0.006302521	0	0	0	0	0	0.002232405	0	0	0	0	0	0.000264047	0	0	0	0.047934482	0	0	0	0	0.002545249	0	0	0	0	0.006691301	0	0	0	0	0	0	0.001435407	0	0	0.004144747	0	0.010251504
d__Bacteria;p__Proteobacteria;c__Gammaproteobacteria;o__Pseudomonadales;f__Pseudomonadaceae;g__Pseudomonas;s__Pseudomonas_sp.	0	0	0	0.018268251	0.037645811	0.004825922	0	0	0.026140156	0	0.019822796	0	0	0	0	0.016801786	0	0	0	0.000683579	0	0	0	0	0	0	0	0.001289455	0	0	0.00989819	0	0	0	0.000482651	0.006990912	0	0	0	0	0	0	0	0	0	0.029491471	0	0.027063969
d__Bacteria;p__Proteobacteria;c__Gammaproteobacteria;o__Vibrionales;f__Vibrionaceae;g__Photobacterium;__	0	0	0	0	0	0	0	0	0	0	0	0	0	0	0	0	0	0	0	0	0	0	0	0	0	0.034084066	0	0	0	0	0	0	0	0	0	0	0	0	0	0	0	0	0	0	0	0	0	0