#																																																																																				
#OTU ID	K11_JV87_I_D	K11_JV87_IV_D	K12_KJ78_I_D	K12_KJ78_IV_D	K16_PP75_I_D	K16_PP75_IV_D	K17_SS75_I_D	K17_SS75_IV_D	K2_NL71_I_D	K2_NL71_IV_D	K20_HO76_I_D	K20_HO76_IV_D	K21_KT86_I_D	K23_JM85_I_D	K27_BA81_II_D	K28_KZ83_I_D	K3_KM78_I_D	K3_KM78_IV_D	K30_SF95_I_D	K31_MM80_I_D	K31_MM80_IV_D	K32_KS89_I_D	K34_BI96_I_D	K34_BI96_IV_D	K39_DS96_I_D	K4_RR79_I_D	K40_WV86_I_D	K40_WV86_IV_D	K41_NE90_I_D	K41_NE90_IV_D	K43_KZ94_I_D	K5_JZ92_I_D	K5_JZ92_IV_D	K8_KP79_I_D	K9_KM80_I_D	K9_KM80_IV_D	P11_GT85_I_D	P11_GT85_II_D	P11_GT85_III_D	P11_GT85_IV_D	P11_GT85_V_D	P11_GT85_VI_D	P17_BH58_I_D	P17_BH58_II_D	P17_BH58_III_D	P17_BH58_IV_D	P17_BH58_V_D	P17_BH58_VI_D	P18_SJ75_I_D	P18_SJ75_II_D	P18_SJ75_III_D	P18_SJ75_IV_D	P18_SJ75_V_D	P2_ZM87_I_D	P2_ZM87_II_D	P2_ZM87_III_D	P2_ZM87_IV_D	P2_ZM87_V_D	P2_ZM87_VI_D	P30_KM73_I_D	P30_KM73_II_D	P30_KM73_III_D	P30_KM73_IV_D	P30_KM73_V_D	P30_KM73_VI_D	P36_KJ78_I_D	P36_KJ78_III_D	P36_KJ78_IV_D	P36_KJ78_V_D	P36_KJ78_VI_D	P37_SJ55_I_D	P37_SJ55_II_D	P37_SJ55_III_D	P37_SJ55_IV_D	P37_SJ55_V_D	P37_SJ55_VI_D	P43_BR63_I_D	P43_BR63_II_D	P43_BR63_III_D	P8_LV78_I_D	P8_LV78_II_D	P8_LV78_III_D	P8_LV78_IV_D	P8_LV78_V_D
Unassigned;__;__;__;__;__;__	0.034410932	0.029706635	0.141093901	0.054768802	0.04131512	0.015638492	0.027467445	0.017435192	0.04240983	0.02057036	0.035669886	0.037109494	0.088415434	0.01712658	0.13305704	0.017220045	0.012588454	0.025211726	0.001137938	0.022942863	0.015863454	0.072677672	0.121477937	0.034216815	0.031488342	0.167395176	0.61412688	0.083903446	0.060112209	0.117996385	0.010267194	0.171864686	0.126836028	0.120992428	0.03263685	0.014470907	0.016817907	0.008898776	0.011516315	0.015280136	0.027925062	0.001723544	0.007411631	0.010766615	0.008481646	0.019607843	0.013065025	0.017715124	0.027697136	0.013757643	0.014121801	0.036540947	0.060447339	0.043691923	0.030074328	0.041166641	0.094352617	0.108048162	0.031715675	0.013028839	0.015007776	0.041671685	0.079206151	0.065986433	0.010743802	0.033699634	0.055288462	0.022788088	0.008403361	0.014241245	0.022201963	0.049735344	0.011116938	0.004292582	0.005976252	0.007763222	0.01314007	0	0.002551834	0.335285505	0.009423503	0.021201977	0.006680731	0.068890104
d__Bacteria;p__Acidobacteriota;c__Acidobacteriae;o__Acidobacteriales;f__Acidobacteriaceae_(Subgroup_1);g__Bryocella;s__uncultured_bacterium	0	0	0	0	0	0	0	0	0	0	0	0	0	0	0	0	0	0	0	0	0	0	0	0	0	0	0	0	0	0	0	0	0	0	0	0	0	0	0	0	0	0	0	0	0	0	0	0	0	0	0	0	0	0	0	0	0	0	0	0	0	0	0	0	0	0	0	0	0	0	0	0.000998702	0	0	0	0	0	0	0	0	0	0	0	0.017085839
d__Bacteria;p__Actinobacteriota;c__Actinobacteria;o__Actinomycetales;f__Actinomycetaceae;g__Actinomyces;__	0	0	0	0.009441047	0	0.000767533	0	0	0	0	0.001338816	0	0.012862018	0	0	0	0	0	0	0	0	0	0	0	0	0	0	0	0	0	0.013978229	0	0	0	0	0	0	0	0	0.003056027	0	0	0	0	0.00083426	0.00240096	0	0.001126395	0	0	0.005236834	0.00281988	0.004813137	0	0	0	0	0	0.005657821	0	0	0	0	0	0	0.0003663	0.000424208	0	0	0	0	0	0	0.00103022	0	0.000646935	0	0	0.000637959	0	0	0	0	0
d__Bacteria;p__Actinobacteriota;c__Actinobacteria;o__Actinomycetales;f__Actinomycetaceae;g__Actinomyces;s__uncultured_bacterium	0	0	0	0	0	0.001343183	0	0	0	0	0	0	0.00507481	0	0	0.001856053	0	0	0	0	0	0	0	0	0	0	0	0	0	0	0.021400297	0	0	0	0	0	0	0	0	0	0	0	0	0	0.00820356	0.00070028	0	0	0	0	0	0	0	0.000178699	0	0	0	0	0	0	0	0	0	0	0	0	0	0	0	0	0	0.001897533	0	0	0	0.001940805	0.000609591	0	0.000797448	0	0.004711752	0.007173601	0	0.002733734
d__Bacteria;p__Actinobacteriota;c__Actinobacteria;o__Actinomycetales;f__Actinomycetaceae;g__Mobiluncus;s__Mobiluncus_curtisii	0	0	0	0	0	0	0	0	0	0	0	0	0	0	0	0	0	0	0	0	0	0	0	0	0	0	0	0	0	0	0	0	0	0	0	0	0	0	0	0	0	0	0	0	0	0	0	0	0	0	0	0	0.000283126	0	0	0	0	0	0	0	0	0	0	0	0	0	0	0	0	0	0	0	0	0	0	0.011321365	0	0	0	0	0	0	0	0
d__Bacteria;p__Actinobacteriota;c__Actinobacteria;o__Bifidobacteriales;f__Bifidobacteriaceae;g__Bifidobacterium;__	0	0	0	0	0	0	0	0	0	0	0	0	0	0	0	0	0	0	0	0	0	0	0	0	0	0	0	0.000258164	0	0	0	0	0	0	0	0	0	0	0	0.028726655	0	0	0	0	0	0	0	0	0	0	0	0	0	0	0	0	0	0	0	0	0	0	0	0	0	0	0	0	0	0	0	0	0	0.002146291	0.002752221	0.001617338	0	0	0	0	0	0	0	0
d__Bacteria;p__Actinobacteriota;c__Actinobacteria;o__Bifidobacteriales;f__Bifidobacteriaceae;g__Bifidobacterium;s__Bifidobacterium_longum	0	0	0	0	0	0	0	0	0	0	0	0	0	0	0	0	0	0	0	0	0	0	0	0	0	0	0	0	0	0	0	0	0	0	0	0	0	0	0	0.014397284	0	0	0	0	0	0	0.000750863	0	0	0	0	0	0	0	0	0	0	0	0	0	0	0	0	0	0	0	0	0	0	0	0	0	0	0	0	0	0	0	0	0	0	0	0	0
d__Bacteria;p__Actinobacteriota;c__Actinobacteria;o__Bifidobacteriales;f__Bifidobacteriaceae;g__Gardnerella;s__Gardnerella_vaginalis	0	0	0	0	0	0	0	0	0	0	0	0	0	0	0	0	0	0	0	0	0	0	0	0	0	0.000404727	0	0.001807151	0	0	0	0	0	0	0	0	0	0	0.002079335	0	0.002651113	0	0	0	0.007508343	0	0.00225259	0	0	0	0	0	0	0	0	0	0	0.000316857	0	0	0	0.01577743	0.001430359	0.00016819	0.000508582	0	0	0	0	0	0	0	0	0	0	0	0	0	0	0	0.001108647	0	0	0.002186987
d__Bacteria;p__Actinobacteriota;c__Actinobacteria;o__Corynebacteriales;f__Corynebacteriaceae;g__Corynebacterium;__	0	0	0.015307357	0.024031756	0.006004196	0.0253286	0.000498114	0.001376462	0	0	0	0	0.008749672	0	0.000872505	0.000412456	0.000372439	0	0.000742133	0	0	0	0	0	0	0	0	0	0.012556773	0.009036922	0.002597724	0	0	0	0	0	0	0	0	0	0.003534818	0.012064805	0	0.001538088	0.023081201	0.012605042	0	0.004812779	0	0	0.021888791	0.016566796	0.159258211	0	0	0.000455719	0.000590319	0	0	0	0	0.001927014	0	0	0	0.010714286	0.024745475	0	0	0.000233463	0.001662466	0.009188056	0	0.007383242	0.008649839	0.015688177	0.00203197	0.007788162	0.022966507	0	0	0	0	0.003143794
d__Bacteria;p__Actinobacteriota;c__Actinobacteria;o__Corynebacteriales;f__Corynebacteriaceae;g__Corynebacterium;s__Corynebacterium_imitans	0	0.000339328	0	0.000429139	0	0	0	0	0	0	0	0	0.009493394	0.000142425	0	0	0	0	0.002572729	0	0	0	0.000930356	0	0	0	0	0	0.005610473	0	0	0	0	0	0	0.002311325	0	0	0	0	0	0	0	0	0	0	0	0	0	0	0	0	0	0	0	0	0	0	0	0	0	0	0	0	0	0.038827839	0.067024887	0	0.020168067	0.002957198	0	0	0	0	0	0	0	0	0	0	0	0	0	0.006697649
d__Bacteria;p__Actinobacteriota;c__Actinobacteria;o__Corynebacteriales;f__Corynebacteriaceae;g__Corynebacterium;s__uncultured_bacterium	0.003249458	0.015146374	0.007744434	0.026123806	0.020244632	0.008442867	0.001138547	0.014911677	0.014427269	0.015739442	0.001530076	0.002751116	0.102633651	0.336656578	0.009379431	0.010311404	0.008268156	0.017785016	0.015832179	0.001544231	0.00037292	0.014899273	0.005715045	0.004236368	0.001198518	0.023393233	0.0117724	0.007228605	0.057707721	0.106635683	0.024245423	0.00849835	0.022263279	0.001691638	0.002417544	0.005225605	0.012220206	0.00945495	0.027831094	0.021935484	0.050547897	0.036194416	0.061573546	0.094875739	0.095939933	0.339535814	0.116383841	0.26951565	0.005413888	0.038632574	0.361400412	0.124427212	0.363391846	0.009917798	0.009262436	0.031900349	0.048996458	0.145278834	0.224480038	0.257209779	0.316562986	0.09309888	0.684069372	0.732802601	0.590781945	0.358241758	0.301894796	0.004574881	0.046722689	0.007937743	0.530487478	0.105263158	0.002517042	0.467805632	0.059683888	0.1785541	0.391086426	0.033229491	0.062998405	0.071742313	0.029101996	0.020564323	0.227144866	0.064242756
d__Bacteria;p__Actinobacteriota;c__Actinobacteria;o__Corynebacteriales;f__Corynebacteriaceae;g__Lawsonella;s__uncultured_bacterium	0.010664889	0.01147546	0.035152469	0.029825126	0.012454801	0.007387508	0.00170782	0.009252887	0.015537059	0.006856787	0.002295113	0	0.000612477	0.005483354	0	0.003505878	0.019068901	0.006254072	0.005442311	0.000294139	0.002438325	0.012800783	0.01010101	0.017705844	0.001416431	0.002023636	0	0.001419904	0.004541811	0.002065582	0.012122712	0.007425743	0.000831409	0.007088771	0.001381454	0.001105417	0	0.003893215	0	0.003056027	0	0	0.008694413	0.00647616	0.007647386	0	0.002552936	0	0	0.002223457	0	0	0	0.038464975	0.00102916	0.01678566	0.004230618	0.021546261	0	0	0	0.001565699	0.000625782	0.000840949	0	0	0.001838235	0.000776867	0.002352941	0	0	0.002197144	0.000524384	0	0.002909491	0.008895358	0	0	0	0	0	0	0	0.00123018
d__Bacteria;p__Actinobacteriota;c__Actinobacteria;o__Corynebacteriales;f__Corynebacteriaceae;g__Turicella;s__uncultured_bacterium	0	0	0	0	0	0	0	0	0	0	0	0	0	0	0	0	0	0	0	0	0	0	0	0	0	0	0	0	0	0	0	0	0	0	0	0	0	0	0	0	0	0.000689417	0	0	0	0	0	0	0	0	0	0	0	0	0	0	0	0	0	0	0	0	0	0	0	0	0	0	0	0	0	0.023269749	0	0	0	0	0	0	0	0	0	0	0	0
d__Bacteria;p__Actinobacteriota;c__Actinobacteria;o__Frankiales;f__Geodermatophilaceae;g__Blastococcus;s__Candidatus_Blastococcus	0	0	0	0	0	0	0	0	0	0	0	0	0	0	0	0	0	0	0	0	0	0	0	0	0	0	0	0	0	0	0	0	0	0	0	0	0	0	0	0	0	0	0	0	0	0	0	0	0	0	0	0	0	0	0	0	0	0	0	0	0	0.010959894	0	0	0	0	0	0	0	0	0	0	0	0.000257555	0.000550444	0.000970403	0	0	0	0	0	0	0	0
d__Bacteria;p__Actinobacteriota;c__Actinobacteria;o__Micrococcales;f__Brevibacteriaceae;g__Brevibacterium;s__uncultured_bacterium	0	0	0	0.000268212	0	0	0	0	0	0	0	0	0	0	0	0	0	0	0	0	0	0	0	0	0	0	0	0	0	0	0	0	0	0	0	0	0	0	0	0	0	0	0	0	0	0.00130052	0	0.000273066	0	0	0	0.0023499	0	0	0	0	0	0	0	0	0	0	0	0	0	0.001923077	0	0	0	0	0.000697163	0.001897533	0	0.011761676	0	0.002426007	0	0	0	0	0	0	0	0
d__Bacteria;p__Actinobacteriota;c__Actinobacteria;o__Micrococcales;f__Dermabacteraceae;g__Dermabacter;__	0	0	0	0	0	0	0	0	0	0	0	0	0.002318663	0	0	0	0	0	0	0	0	0	0	0	0	0	0	0	0	0.001549187	0	0	0	0	0	0	0.000725953	0	0	0	0	0	0	0	0	0	0	0.006894904	0.002903099	0.000972763	0.011709326	0	0.008635334	0	0	0	0	0	0.001195314	0	0.003265941	0	0.001877347	0	0	0.006913919	0.034502262	0.000258956	0.001680672	0	0.004236606	0	0	0.004035027	0	0.003072942	0.001354646	0	0	0	0	0	0	0.001776927
d__Bacteria;p__Actinobacteriota;c__Actinobacteria;o__Micrococcales;f__Dermacoccaceae;g__Dermacoccus;__	0	0.001326465	0	0	0	0	0	0	0.00110979	0	0.000765038	0	0	0	0	0.003196535	0	0.006970684	0.000247378	0.001470696	0	0	0	0	0	0.000323782	0	0	0.008816457	0.017299251	0	0	0	0	0	0.000301477	0	0	0	0	0	0	0	0	0	0	0	0	0	0.005419678	0	0.00869463	0	0	0	0	0	0.00396071	0	0	0	0	0	0	0	0	0	0	0	0	0	0	0	0	0	0	0	0	0	0	0	0	0	0
d__Bacteria;p__Actinobacteriota;c__Actinobacteria;o__Micrococcales;f__Intrasporangiaceae;g__Janibacter;__	0	0	0	0	0.000111602	0	0	0	0	0.001090852	0	0	0	0	0	0	0	0	0	0.004044415	0	0	0	0	0	0	0	0	0	0	0	0	0	0	0	0	0	0	0	0	0	0	0	0	0	0	0	0	0	0	0	0	0	0	0	0	0	0	0	0	0	0.002529206	0	0	0	0	0	0	0	0	0	0	0	0	0.003302666	0	0	0.002076843	0.035087719	0	0	0	0	0
d__Bacteria;p__Actinobacteriota;c__Actinobacteria;o__Micrococcales;f__Microbacteriaceae;g__Microbacterium;s__Microbacterium_sp.	0	0.00030848	0	0	0	0	0	0	0	0	0	0	0	0	0	0	0	0	0	0	0	0	0	0	0	0	0	0	0	0	0.000742207	0	0	0	0	0	0	0	0	0	0	0	0	0	0	0	0	0	0	0	0	0	0	0	0	0	0	0	0	0	0	0.015897868	0	0	0	0	0	0	0	0	0	0	0	0	0	0	0	0	0	0	0	0	0	0.006560962
d__Bacteria;p__Actinobacteriota;c__Actinobacteria;o__Micrococcales;f__Micrococcaceae;g__Kocuria;__	0.000583236	0.001017984	0	0.000643708	0	0	0	0	0.001743956	0.006077606	0	0	0.001356199	0	0	0.001649825	0.002458101	0	0	0.006471064	0	0	0	0	0	0	0	0	0	0	0	0	0.000461894	0	0	0	0	0	0	0	0.003534818	0.001723544	0	0	0.015294772	0	0.040096111	0.006178107	0	0.001806559	0.001471021	0	0	0	0	0	0	0	0	0	0	0	0	0	0	0	0	0	0	0	0	0	0	0	0	0	0.001286914	0	0.01307815	0	0	0.003825921	0	0
d__Bacteria;p__Actinobacteriota;c__Actinobacteria;o__Micrococcales;f__Micrococcaceae;g__Kocuria;s__Kocuria_palustris	0	0	0	0	0	0	0	0	0	0	0.002582002	0	0.00293114	0	0	0	0	0	0	0.000882418	0	0	0	0	0	0	0	0	0	0	0	0	0	0	0	0.001607879	0	0	0	0.003123939	0	0	0	0	0.003476085	0	0	0	0	0	0	0.014451886	0	0	0	0	0	0	0	0	0	0.005540166	0	0	0	0	0	0	0	0	0	0.004094677	0	0.00206044	0.002359047	0.007116287	0.002980222	0	0.03923445	0	0	0	0	0.007244396
d__Bacteria;p__Actinobacteriota;c__Actinobacteria;o__Micrococcales;f__Micrococcaceae;g__Micrococcus;__	0.001166472	0.000802048	0.004174734	0.006544362	0.000714254	0.003070133	0.001280865	0.001835283	0.006183115	0.00514259	0	0	0.013911978	0	0.003926273	0.008764694	0.002383613	0.003127036	0.004056996	0.011471432	0.000889271	0.000909345	0	0.001086248	0.00087165	0.003075927	0.015696534	0.025945527	0.12075875	0.221533695	0	0	0	0	0	0	0.001330913	0	0	0.003599321	0.004418522	0.005860048	0	0	0.031840934	0.00190076	0.042048356	0.006075707	0	0	0	0	0	0.001429593	0	0	0	0.001108999	0.00135469	0.000292783	0	0.033240997	0.000804577	0.001009138	0	0.000320513	0.027714932	0	0.006722689	0	0.000858047	0.024468191	0	0.002747253	0.010694346	0.044153324	0.018287727	0.008307373	0.137958533	0.068814056	0.010809313	0.010999522	0.003750586	0.004647348
d__Bacteria;p__Actinobacteriota;c__Actinobacteria;o__Micrococcales;f__Micrococcaceae;g__Rothia;__	0	0	0	0	0	0.015158783	0	0	0	0	0	0	0.000743722	0	0	0	0	0	0.001929547	0.000735348	0	0	0	0	0	0	0	0.003614302	0	0	0.001731816	0	0	0	0	0	0	0	0	0	0	0	0.003990878	0.003157128	0.002641824	0.00230092	0.012614507	0.000614397	0	0	0	0	0	0	0	0	0	0	0	0	0	0	0	0	0	0	0	0	0	0	0	0	0	0	0	0	0	0	0	0	0	0	0	0.004920722
d__Bacteria;p__Actinobacteriota;c__Actinobacteria;o__Micrococcales;f__Micrococcaceae;g__Rothia;s__uncultured_bacterium	0	0.000277632	0	0.000482781	0.000915138	0.016406025	0	0	0	0	0	0	0.007262228	0.00074773	0	0.001340483	0.007299814	0	0.000346329	0	0	0	0	0	0	0	0	0.002194398	0	0	0.023379515	0	0	0	0.002762908	0	0	0	0	0.000882852	0.002474373	0	0	0	0.010011123	0	0	0	0	0.000833797	0	0	0	0	0	0	0	0	0	0.002342263	0.000544323	0	0	0.000392443	0	0	0	0	0.001680672	0.000311284	0	0	0	0	0.00353857	0	0.000677323	0	0.000956938	0	0.004988914	0.009724215	0	0.01831602
d__Bacteria;p__Actinobacteriota;c__Actinobacteria;o__Propionibacteriales;f__Propionibacteriaceae;g__Cutibacterium;__	0	0	0	0	0	0	0	0	0	0	0	0	0	0	0	0	0	0	0	0	0	0	0	0	0	0	0	0	0	0	0	0	0	0	0	0	0	0	0	0.000814941	0	0	0.018386545	0.014247551	0	0.008603441	0	0.003413319	0	0	0.030597234	0	0.00891846	0.004958899	0	0	0.014954742	0.005967469	0.008606263	0.001317523	0.000777605	0	0	0	0	0.000457875	0	0	0	0	0.000482651	0	0	0.000858516	0	0	0.001015985	0	0.000637959	0	0	0	0	0
d__Bacteria;p__Actinobacteriota;c__Actinobacteria;o__Propionibacteriales;f__Propionibacteriaceae;g__Cutibacterium;s__uncultured_bacterium	0.856190635	0.851435975	0.732696031	0.504291385	0.166934512	0.383958553	0.819326834	0.678443068	0.800396354	0.796633941	0.901692646	0.713272605	0.065928778	0.177425672	0.787981241	0.736852959	0.670316574	0.641237785	0.045220661	0.64291492	0.529432014	0.546306659	0.772594365	0.855203128	0.748747004	0.574631698	0.190320471	0.524719246	0.241250334	0.151303899	0.265462642	0.790511551	0.718891455	0.841469309	0.788119496	0.771982715	0.858318209	0.786985539	0.295265515	0.239796265	0.402615765	0.462943812	0.354190422	0.288593864	0.168103448	0.014105642	0.248385643	0.010410622	0.296586897	0.390911618	0.023065608	0.110210316	0.044309173	0.804994639	0.780331618	0.866702111	0.393939394	0.356727926	0.366722448	0.060898844	0.014618974	0.06455498	0.025478276	0.018949375	0.007310871	0.005448718	0.154128959	0.842037117	0.641680672	0.807237354	0.026277685	0.403275742	0.673728369	0.016225962	0.410080994	0.181465308	0.008940666	0.043094496	0.044338118	0.183016105	0.069013304	0.097401562	0.015705579	0.151858939
d__Bacteria;p__Bacteroidota;c__Bacteroidia;o__Bacteroidales;f__Bacteroidaceae;g__Bacteroides;__	0	0	0	0	0	0	0	0	0	0	0	0	0	0	0	0	0	0	0	0	0	0	0	0	0	0	0	0	0	0	0	0	0	0	0	0	0	0	0	0	0	0	0	0	0	0.00030012	0	0	0	0	0	0	0	0	0	0	0	0	0	0	0	0	0	0	0	0	0	0	0	0	0	0	0	0	0	0.002749474	0	0	0.011802233	0	0	0	0	0
d__Bacteria;p__Bacteroidota;c__Bacteroidia;o__Bacteroidales;f__Bacteroidaceae;g__Bacteroides;s__uncultured_bacterium	0	0	0	0	0	0	0	0	0	0	0	0	0	0	0	0	0	0	0	0	0	0	0	0	0	0	0	0	0	0	0	0	0	0	0	0	0	0	0	0.000475382	0.001060445	0	0	0	0.010150167	0.003701481	0.0016519	0	0	0	0	0.055340148	0	0	0	0	0	0	0	0	0	0.004937974	0	0	0	0	0.001272624	0	0	0	0	0	0	0.002661401	0	0.002102539	0	0	0.011004785	0	0	0.00047824	0	0.002597048
d__Bacteria;p__Bacteroidota;c__Bacteroidia;o__Bacteroidales;f__Prevotellaceae;g__Alloprevotella;s__uncultured_bacterium	0.000749875	0	0	0	0	0	0	0	0	0	0	0	0	0	0	0	0.01310987	0.000390879	0.000197902	0.000514744	0	0	0	0	0	0	0	0	0	0	0.000494805	0	0	0	0	0	0	0	0	0	0.000530223	0	0	0	0	0	0	0	0	0	0	0	0	0	0	0	0	0	0	0	0	0	0	0	0	0	0	0	0	0	0	0	0	0	0	0	0	0	0	0	0	0	0	0
d__Bacteria;p__Bacteroidota;c__Bacteroidia;o__Bacteroidales;f__Prevotellaceae;g__Prevotella;__	0	0	0	0	0	0	0	0	0	0	0	0	0.002231166	0	0	0.00103114	0	0	0.000593707	0	0	0	0	0	0	0	0	0	0	0	0.013607125	0	0	0	0	0	0	0	0	0	0	0	0	0	0	0.0015006	0	0.000238932	0	0	0	0	0	0	0	0	0	0	0	0	0	0.001083946	0	0	0	0	0	0	0	0	0	0	0	0.001116071	0.000786349	0	0	0	0	0	0	0	0	0
d__Bacteria;p__Bacteroidota;c__Bacteroidia;o__Bacteroidales;f__Prevotellaceae;g__Prevotella;s__Prevotella_colorans	0	0	0	0	0	0	0	0	0	0	0	0	0	0	0	0	0	0	0	0	0	0	0	0	0	0	0	0	0	0	0	0	0	0	0	0	0	0	0	0	0	0	0	0	0	0	0	0	0	0	0	0	0.000849377	0	0	0	0	0	0	0	0	0	0	0	0	0	0	0	0	0	0	0	0	0	0	0.024907003	0	0	0	0	0	0	0	0
d__Bacteria;p__Bacteroidota;c__Bacteroidia;o__Bacteroidales;f__Prevotellaceae;g__Prevotella;s__Prevotella_disiens	0	0	0	0	0	0	0	0	0	0	0	0	0.000218742	0	0	0.000824912	0	0	0	0	0	0	0	0	0	0	0	0	0	0	0.003711034	0	0	0	0	0	0	0	0	0	0	0	0	0	0	0	0	0.000273066	0	0	0	0	0	0	0	0	0	0	0	0	0	0	0.00035759	0	0	0	0	0	0	0	0	0	0	0.00206044	0	0.050622675	0	0	0	0	0	0	0	0.000273373
d__Bacteria;p__Bacteroidota;c__Bacteroidia;o__Bacteroidales;f__Prevotellaceae;g__Prevotella;s__uncultured_bacterium	0	0	0	0	0	0	0	0	0	0	0.001816965	0	0.005993525	0	0	0.002165395	0.005363128	0	9.90E-05	0.000661813	0	0	0.00066454	0	0	0	0	0.000258164	0.002671654	0	0.022884711	0	0	0	0	0	0	0.001112347	0	0	0	0	0.001710376	0	0.001529477	0.00310124	0.007358462	0.000341332	0	0.001111729	0.00070609	0.00164493	0	0	0	0	0.00167257	0.000844951	0.000557813	0	0.000544323	0	0	0.000336379	0.000127146	0	0	0	0	0	0	0	0	0.051167582	0.00353857	0.02264273	0.000609591	0	0.001275917	0	0	0.013231309	0	0.018452706
d__Bacteria;p__Bacteroidota;c__Bacteroidia;o__Bacteroidales;f__Tannerellaceae;g__Parabacteroides;__	0	0	0	0	0	0	0	0	0	0	0	0	0	0	0	0	0	0	0	0	0	0	0	0	0	0	0	0	0	0	0	0	0	0	0	0	0	0	0	0	0	0	0	0	0	0	0	0	0	0	0	0.010927036	0	0	0	0	0	0	0	0	0	0.001324822	0	0	0	0	0	0	0	0	0	0	0	0	0	0	0	0	0	0	0	0	0	0
d__Bacteria;p__Cyanobacteria;c__Cyanobacteriia;o__Chloroplast;f__Chloroplast;g__Chloroplast;__	0.002916181	0.001850881	0.004235237	0	0.000758895	0	0	0	0.000871978	0	0	0	0.029617639	0.003916682	0.000763442	0.021550835	0	0	0.001484267	0.010515479	0	0.002098489	0	0.001629372	0.003050774	0	0	0.005292371	0.002938819	0	0	0	0	0.000966651	0.010360905	0.001909356	0.001814882	0	0.001919386	0.036332767	0	0.003447087	0	0	0.003337041	0	0.019972969	0	0	0	0.001176817	0.015039361	0	0	0	0	0	0	0	0.003952569	0.001088647	0.009635072	0.001787949	0	0.000635728	0.000503663	0.0364819	0	0.007731092	0	0.000804419	0.016079097	0	0	0.005583078	0	0	0	0.00446571	0	0.006651885	0.024549657	0.004336615	0.028840897
d__Bacteria;p__Cyanobacteria;c__Cyanobacteriia;o__Chloroplast;f__Chloroplast;g__Chloroplast;s__uncultured_bacterium	0	0.000586112	0.006292352	0.000536423	0	0	0	0	0.000713436	0	0	0	0.010018374	0	0	0	0	0	0	0.001250092	0	0.002238388	0.001063264	0	0	0.001052291	0	0	0	0	0	0	0	0	0.002762908	0	0	0	0	0	0	0	0	0	0	0.003501401	0	0	0	0	0	0.004582305	0	0	0	0	0	0	0	0	0	0	0	0	0	0	0	0	0	0	0.000804419	0.012184161	0	0	0.000629079	0.001779072	0	0	0	0	0	0.007811255	0	0.041552761
d__Bacteria;p__Deinococcota;c__Deinococci;o__Deinococcales;f__Deinococcaceae;g__Deinococcus;s__Deinococcus_sp.	0	0	0	0	0	0	0	0	0	0	0	0	0	0	0	0	0	0	0	0.018016031	0	0	0	0	0	0	0	0	0	0	0	0	0	0	0	0	0	0	0	0	0	0	0	0	0	0	0	0	0	0	0	0	0	0	0	0	0	0	0	0	0	0	0	0	0	0	0	0	0	0	0	0	0	0	0	0	0	0	0	0	0	0	0	0
d__Bacteria;p__Firmicutes;c__Bacilli;o__Lactobacillales;f__Aerococcaceae;g__Aerococcus;__	0	0	0	0	0	0	0	0	0	0.000935016	0	0	0.000174993	0.000142425	0	0	0	0	0.000296853	0	0	0	0	0	0	0	0	0	0	0	0	0	0	0	0	0	0	0	0	0	0	0	0	0	0	0	0	0	0	0	0	0	0	0	0	0	0	0	0	0	0	0.022401542	0	0	0	0	0	0	0	0	0	0.000998702	0	0	0	0	0	0	0	0	0	0	0	0
d__Bacteria;p__Firmicutes;c__Bacilli;o__Lactobacillales;f__Aerococcaceae;g__Eremococcus;s__uncultured_bacterium	0	0	0	0	0	0	0	0	0	0	0	0	0.000568729	0	0	0	0	0	0	0	0	0	0	0	0	0	0	0	0	0	0	0	0	0	0	0	0.000604961	0	0	0	0	0	0	0	0	0	0	0.000307199	0	0	0	0.000587475	0	0	0	0	0	0	0	0	0	0	0	0	0	0.001739927	0.011170814	0	0.001344538	0	0	0	0	0	0	0	0	0	0	0	0	0	0	0
d__Bacteria;p__Firmicutes;c__Bacilli;o__Lactobacillales;f__Carnobacteriaceae;g__Carnobacterium;__	0	0	0	0	0	0	0	0	0	0	0	0	0	0	0	0	0	0	0.000494756	0	0	0	0	0	0	0	0	0	0	0	0	0	0	0	0	0	0	0	0	0	0	0	0	0	0	0	0	0	0	0	0	0	0	0	0	0	0	0	0	0	0	0	0	0	0	0	0.011312217	0	0	0	0	0	0	0	0.004324919	0.001617338	0	0	0	0	0	0	0	0
d__Bacteria;p__Firmicutes;c__Bacilli;o__Lactobacillales;f__Carnobacteriaceae;g__Granulicatella;s__uncultured_bacterium	0.001166472	0.000277632	0.001210068	0	0.000803536	0.002398542	0	0	0	0.001090852	0.001051927	0	0.006868492	0	0	0.002990307	0.009534451	0	0.000296853	0.000955953	0	0	0	0.000434499	0	0.000485673	0	0.00813218	0.003205985	0	0.022389906	0	0	0	0	0.000803939	0	0.008064516	0	0.003463497	0.001237186	0	0	0	0.001807564	0	0	0.000170666	0	0	0.000176523	0	0	0	0	0	0	0	0.000239063	0.000585566	0	0.001083946	0	0	0	0	0	0	0	0	0	0.000599221	0	0	0	0	0.000474126	0	0	0	0.01191796	0	0	0.015445599
d__Bacteria;p__Firmicutes;c__Bacilli;o__Lactobacillales;f__Lactobacillaceae;g__Lactobacillus;__	0	0	0	0	0	0	0	0	0	0	0	0	0	0	0	0	0	0	0	0	0	0	0	0	0	0	0	0.005034207	0.004541811	0	0.008411677	0	0	0	0	0	0	0	0	0.014736842	0	0	0	0	0	0	0	0	0	0	0	0	0	0	0	0	0	0	0	0	0	0.010839456	0	0.000280316	0.000127146	0	0.000565611	0	0	0	0	0	0	0	0	0.000646935	0	0	0.001754386	0	0	0.010521282	0	0
d__Bacteria;p__Firmicutes;c__Bacilli;o__Lactobacillales;f__Lactobacillaceae;g__Lactobacillus;s__Lactobacillus_curvatus	0	0	0	0.000107285	0	0	0	0	0	0	0	0	0	0	0	0	0	0	0	0	0	0	0	0	0	0	0	0	0	0	0	0	0	0	0	0	0	0	0	0	0	0	0	0	0	0	0.006006908	0	0	0	0	0	0	0	0	0	0	0	0	0	0	0.000843069	0	0.002803162	0	0	0	0	0	0	0	0	0	0	0	0	0	0	0.000637959	0	0	0.106488124	0	0.006287589
d__Bacteria;p__Firmicutes;c__Bacilli;o__Lactobacillales;f__Lactobacillaceae;g__Lactobacillus;s__Lactobacillus_jensenii	0	0	0	0	0	0	0	0	0	0	0	0	0	0	0	0	0	0	0	0	0	0	0	0	0	0	0	0	0	0	0	0	0	0	0	0	0	0	0	0.011273345	0	0	0	0	0	0	0	0	0	0	0	0	0	0	0	0	0	0	0	0	0	0	0	0	0	0	0	0	0	0	0	0	0	0	0	0	0	0	0	0	0	0	0	0
d__Bacteria;p__Firmicutes;c__Bacilli;o__Lactobacillales;f__Lactobacillaceae;g__Lactobacillus;s__Lactobacillus_sakei	0	0	0	0	0	0	0	0	0	0	0	0	0	0	0	0	0	0	0	0	0	0	0	0	0	0	0	0	0	0	0	0	0	0	0	0	0	0	0	0	0	0	0	0	0	0	0	0	0	0	0	0	0	0	0	0	0	0	0	0	0	0	0	0	0	0	0.011736425	0	0	0	0	0	0	0	0.005425808	0	0	0	0	0	0	0	0	0
d__Bacteria;p__Firmicutes;c__Bacilli;o__Lactobacillales;f__Lactobacillaceae;g__Lactobacillus;s__uncultured_bacterium	0	0	0	0.000804635	0.000290166	0	0	0.000382351	0.000792707	0.002181705	0.001243186	0.000366815	0	0	0.002617516	0	0	0	0.000841085	0.000808883	0	0.001119194	0	0	0	0	0.004578156	0.03304505	0	0.009036922	0.076818407	0	0	0	0	0.001004924	0	0	0.010716571	0.146417657	0.002827854	0	0	0	0	0	0	0	0	0	0.000176523	0	0	0	0	0	0	0	0	0	0	0	0	0	0	0	0.000565611	0	0	0	0	0	0	0	0	0	0	0	0	0.004392387	0.003880266	0.007173601	0	0.013395298
d__Bacteria;p__Firmicutes;c__Bacilli;o__Lactobacillales;f__Leuconostocaceae;g__Leuconostoc;__	0	0	0	0	0	0	0	0	0	0	0	0	0	0	0	0	0	0	0	0	0	0	0	0	0	0	0	0	0	0	0	0	0	0	0	0	0	0	0	0.00278438	0	0	0	0	0	0	0	0	0	0	0	0	0	0	0	0	0	0	0	0	0	0	0	0	0	0	0.007211538	0	0	0	0	0	0	0	0.03884564	0	0	0	0	0	0	0	0	0.002870421
d__Bacteria;p__Firmicutes;c__Bacilli;o__Lactobacillales;f__Leuconostocaceae;g__Leuconostoc;s__Leuconostoc_carnosum	0	0	0	0	0	0.001918833	0.000426955	0.000535291	0	0	0	0	0	0	0	0	0	0	0	0	0	0	0.000265816	0	0	0	0	0	0	0	0	0	0	0	0	0.000703447	0.003750756	0	0	0.000475382	0	0	0.001995439	0	0.002919911	0	0.000901036	0	0	0	0	0	0	0	0	0	0	0	0	0	0	0	0	0	0	0	0.050480769	0	0	0	0	0	0	0	0.194306833	0	0	0	0.002711324	0	0	0.007333015	0	0
d__Bacteria;p__Firmicutes;c__Bacilli;o__Lactobacillales;f__Listeriaceae;g__Listeria;__	0	0	0	0	0	0	0	0	0	0	0	0	0	0	0	0	0	0	0	0	0	0	0.002525253	0	0	0	0	0	0	0	0	0	0.013579677	0	0	0	0	0	0	0	0	0	0	0	0	0	0	0	0	0	0	0	0	0	0	0	0	0	0	0	0	0	0	0	0	0	0	0	0	0	0	0	0	0	0	0	0	0	0	0	0	0	0	0
d__Bacteria;p__Firmicutes;c__Bacilli;o__Lactobacillales;f__Streptococcaceae;g__Streptococcus;__	0	0.001943425	0.005324298	0	0	0.004317375	0.001494343	0.002447044	0.002853746	0	0.009945491	0	0.035217429	0.000427274	0.001526884	0.026809651	0.007597765	0.003322476	0.008460321	0.004926833	0.000774527	0.002028539	0.004518873	0.003584619	0	0	0.013734467	0.02607461	0.030456853	0.028401756	0.086838199	0	0	0.000966651	0.005698498	0.005627575	0.001572898	0.013626251	0	0.012224109	0	0	0	0	0.036012236	0.003601441	0	0.00075093	0	0.00319622	0	0.003172365	0	0	0	0	0.000983865	0	0	0	0	0.004697097	0.001340962	0	0	0	0.008201357	0.000949504	0	0	0.001179814	0	0	0	0.003066761	0.00727802	0.00176104	0	0.003189793	0	0	0.029172645	0	0
d__Bacteria;p__Firmicutes;c__Bacilli;o__Lactobacillales;f__Streptococcaceae;g__Streptococcus;s__Streptococcus_salivarius	0	0	0	0	0.000691933	0	0	0	0	0	0.001434446	0	0.027955202	0	0	0.002887193	0	0	0	0	0	0	0	0	0	0	0	0.006712276	0	0	0.037357744	0	0	0	0	0	0	0.003615128	0	0	0	0	0.002708096	0.001699992	0.006952169	0	0	0.001774926	0	0	0.000647249	0	0	0	0	0	0	0.000528095	0	0	0	0.002890521	0	0.001401581	0	0	0.002121041	0	0	0	0	0	0	0.002833104	0.003066761	0.003558143	0.00088052	0	0.002870813	0.023426061	0.003880266	0.020245497	0	0.007791143
d__Bacteria;p__Firmicutes;c__Bacilli;o__Lactobacillales;f__Streptococcaceae;g__Streptococcus;s__uncultured_bacterium	0.006582236	0.003023105	0.000786544	0.003325823	0.002544529	0.014679075	0	0	0	0.002649213	0	0	0.034911191	0	0	0.016085791	0.016759777	0	0	0.000955953	0	0	0	0	0.001852255	0.001295127	0	0.024654705	0.011220946	0	0.074591786	0	0	0	0	0	0	0	0.001759437	0.009032258	0.016260163	0	0.003990878	0.0020238	0.007091212	0	0.013215197	0	0	0	0.00211827	0	0	0.000670122	0	0	0	0	0.002071878	0.003220612	0.001788491	0.017945321	0	0.001962213	0	0	0	0	0.004705882	0.001322957	0	0.006891042	0	0	0.003145396	0.003072942	0.001557843	0	0.006220096	0.019033675	0.013303769	0.04320102	0.000937647	0.041142701
d__Bacteria;p__Firmicutes;c__Bacilli;o__Staphylococcales;f__Gemellaceae;g__Gemella;s__uncultured_bacterium	0	0.000401024	0.000302517	0.000590065	0	0.001918833	0.000498114	0.000382351	0	0.000467508	0.000860667	0	0.002799895	0	0	0.001959167	0.00283054	0	0.000742133	0.000882418	0	0	0	0	0	0	0.004578156	0.005421453	0.008282127	0.004389362	0.018060366	0	0	0	0	0.000703447	0	0.001390434	0	0.001086587	0	0	0	0	0	0	0	0	0	0	0	0.000352485	0	0	0.000343053	0	0	0	0	0	0	0	0	0	0	0	0	0	0	0	0	0.000599221	0	0	0.000707714	0	0	0	0.000478469	0	0	0	0	0.000956807
d__Bacteria;p__Firmicutes;c__Bacilli;o__Staphylococcales;f__Staphylococcaceae;g__Staphylococcus;__	0.013414431	0.02110004	0	0.002682116	0.287040757	0.237743452	0.060556465	0.128699243	0.06817281	0.057503506	0.017404609	0.14556459	0.127088984	0.334235357	0.011233504	0.019901011	0.114115456	0.205993485	0.592420344	0.115376131	0.291537579	0.16543089	0.014619883	0.033130567	0.127914578	0.131779181	0.115107914	0.053310959	0.118087096	0.110250452	0.026843147	0.004950495	0.029468822	0.004994361	0.040234847	0.088332831	0.0646098	0.094271413	0.144433781	0.049575552	0.227642276	0.25336091	0.174743444	0.172913462	0.074388209	0.056722689	0.089202583	0.123493873	0.060023539	0.277237354	0.074257134	0.068147104	0.053652322	0.03270193	0.126815323	0.029090081	0.099075167	0.098067174	0.062315722	0.373883765	0.356531882	0.067927255	0.054353656	0.065986433	0.161029879	0.039514652	0.028280543	0.079240397	0.079663866	0.108015564	0.026974849	0.048936383	0.175563713	0.009958791	0.052999921	0.039786511	0.122730967	0.371235722	0.048644338	0.161054173	0.593957871	0.264626176	0.127168308	0.050027337
d__Bacteria;p__Firmicutes;c__Bacilli;o__Staphylococcales;f__Staphylococcaceae;g__Staphylococcus;s__Staphylococcus_aureus	0	0	0	0	0	0	0	0	0	0	0	0	0.004462333	0	0	0	0	0.009315961	0.00356224	0.035664387	0.000860585	0	0.006113769	0	0	0	0	0.006325029	0	0	0	0	0	0	0	0	0	0	0	0	0	0	0	0	0	0	0	0	0	0	0	0	0	0	0	0	0	0	0	0	0	0	0	0	0	0	0	0	0	0	0	0	0	0	0	0	0	0	0	0	0	0	0	0
d__Bacteria;p__Firmicutes;c__Bacilli;o__Staphylococcales;f__Staphylococcaceae;g__Staphylococcus;s__Staphylococcus_auricularis	0	0	0	0	0	0	0	0	0	0	0	0	0	0	0	0	0	0	0	0	0	0.000979295	0	0	0	0	0	0	0	0	0	0	0	0	0	0	0	0	0	0	0	0	0	0	0	0	0	0	0	0	0	0	0	0	0	0	0	0	0	0	0	0	0	0	0	0	0	0	0	0	0	0.026865075	0	0	0.001494063	0	0	0	0	0	0	0	0	0
d__Bacteria;p__Firmicutes;c__Bacilli;o__Staphylococcales;f__Staphylococcaceae;g__Staphylococcus;s__Staphylococcus_epidermidis	0.013247792	0.016195206	0.013189739	0.006866216	0.288915673	0.119159551	0.050878816	0.059111417	0.012128419	0	0.00678971	0.085223452	0.063172631	0.115969379	0.011015378	0	0.020260708	0.043648208	0.186621809	0.047282888	0.144291452	0.078203693	0.007575758	0.014664349	0.041403356	0.028088069	0	0.022847554	0.067058509	0.019881229	0	0	0.007205543	0.010794265	0.028837852	0.075771279	0.034845735	0.054226919	0.064619322	0.027028862	0.111700247	0.124439848	0.086659065	0.084999595	0.035038932	0.045618247	0.049556991	0.097177185	0.041977246	0.148415787	0.033421595	0.022794031	0.030436014	0.012062187	0.03133219	0.008658666	0.024990161	0.025031686	0.018328154	0.148148148	0.188024883	0.04275563	0.032183086	0.035151651	0.063127781	0.024954212	0.013291855	0.037721191	0.019495798	0.0492607	0.013031587	0.021671827	0.095857368	0.003777473	0.018321931	0	0.040774858	0.157840083	0.01307815	0	0.104490022	0.057229396	0.066104079	0.014488792
d__Bacteria;p__Firmicutes;c__Bacilli;o__Staphylococcales;f__Staphylococcaceae;g__Staphylococcus;s__Staphylococcus_haemolyticus	0	0	0	0	0	0	0	0	0	0	0	0	0	0	0	0	0	0	0	0	0	0	0	0	0	0	0	0	0	0	0	0	0	0	0	0	0	0	0	0	0	0	0	0	0.019466073	0	0	0.050414718	0	0	0.043012651	0	0.041761042	0	0	0	0	0	0	0	0.020995334	0	0	0	0	0.002747253	0.009473982	0	0	0	0	0	0	0	0	0	0	0	0	0	0	0	0	0
d__Bacteria;p__Firmicutes;c__Bacilli;o__Staphylococcales;f__Staphylococcaceae;g__Staphylococcus;s__Staphylococcus_hominis	0	0	0	0.004666881	0.001696353	0	0	0.006958783	0.012445501	0.025245442	0	0	0.025505294	0	0.013960083	0.005980615	0.011247672	0.012312704	0.003463289	0.008382969	0.007028112	0.003287633	0.020467836	0.009450358	0	0.04120123	0	0.024783787	0.074271974	0.075651949	0.011133102	0.006683168	0.053394919	0	0	0	0	0	0.438259757	0.054736842	0.040650407	0.033781455	0.069270239	0.080547235	0.092185762	0.256702681	0.061420634	0.248660272	0	0.018343524	0.10279494	0.266713665	0.104473386	0.002769836	0	0	0.260920897	0.18404098	0.212606582	0.050065876	0.0155521	0.075876189	0.05247631	0.021416157	0.032294978	0.220833333	0.029977376	0	0	0	0.256448759	0.030360531	0	0.144660027	0.006133522	0.008571891	0.140883229	0.172897196	0.052950558	0.087847731	0.025776053	0.014506616	0.330285982	0.059732094
d__Bacteria;p__Firmicutes;c__Bacilli;o__Staphylococcales;f__Staphylococcaceae;g__Staphylococcus;s__Staphylococcus_lugdunensis	0	0	0	0	0	0	0	0	0	0	0	0	0	0	0	0	0	0	0	0	0	0	0	0	0	0	0	0	0	0	0	0	0	0	0	0	0	0	0	0.007945671	0	0.009996553	0	0	0	0	0	0	0	0	0.002000588	0	0.003539071	0	0	0	0	0.001478665	0	0.01215049	0.014541213	0	0	0.005382071	0.019898284	0	0	0	0	0	0	0	0	0	0	0	0	0	0	0	0	0	0.026957337	0
d__Bacteria;p__Firmicutes;c__Bacilli;o__Staphylococcales;f__Staphylococcaceae;g__Staphylococcus;s__Staphylococcus_saprophyticus	0	0	0	0	0	0	0	0	0	0.02057036	0	0	0	0	0	0	0	0	0	0.012721524	0	0	0	0	0	0	0	0	0	0	0	0	0	0	0	0	0	0	0	0	0	0	0	0	0	0	0.00946088	0	0	0	0	0	0	0	0	0	0	0	0	0	0	0	0	0	0	0	0	0	0	0	0	0	0	0	0	0	0	0	0	0	0	0	0	0
d__Bacteria;p__Firmicutes;c__Bacilli;o__Staphylococcales;f__Staphylococcaceae;g__Staphylococcus;s__Staphylococcus_sp.	0	0.000802048	0	0	0	0.013048067	0	0	0	0	0	0	0.00214367	0	0	0	0	0	0	0	0	0	0	0	0.003595555	0.002914036	0	0	0	0.008520527	0	0	0	0	0	0.004924128	0	0	0	0.002648557	0	0	0	0.003319032	0.006674082	0	0.084697402	0	0	0	0.001706384	0	0	0	0	0	0	0	0	0	0	0.008671564	0	0	0	0	0	0	0	0	0	0	0	0	0.001965872	0.004852014	0	0	0	0	0	0.011637175	0	0.016539092
d__Bacteria;p__Firmicutes;c__Bacilli;o__Staphylococcales;f__Staphylococcaceae;g__Staphylococcus;s__uncultured_bacterium	0.047575404	0.028750347	0.006413359	0.004237743	0.007164859	0.007579392	0.006404326	0.056587902	0.001743956	0	0.000669408	0.012349453	0.057529093	0.004094712	0.006980041	0	0.007821229	0.010358306	0.101771225	0.001470696	0.003843947	0.090165081	0.005316321	0.02281121	0.005120941	0.007204144	0	0	0.014159765	0.016782856	0.007298367	0	0.00960739	0.002577735	0.072871697	0	0	0	0	0.001086587	0	0	0.005701254	0.015461831	0.017936596	0.011104442	0.001051209	0.03672731	0.011769321	0.046692607	0.006295969	0	0.017412231	0.033238027	0.017610063	0.004329333	0.046930342	0.032160963	0.008845326	0.050358659	0.005365474	0	0	0.004204743	0.009027336	0.214468864	0.023048643	0.01044454	0.155294118	0.007081712	0.087306269	0.039348846	0.01363398	0.110834478	0.065031061	0.087821446	0.008263343	0.055555556	0	0	0	0	0.177684013	0.029387644
d__Bacteria;p__Firmicutes;c__Clostridia;o__Lachnospirales;f__Lachnospiraceae;g__Blautia;s__uncultured_bacterium	0	0	0	0	0	0	0	0	0	0	0	0	8.75E-05	0	0	0	0	0	0	0	0	0	0	0	0	0	0	0	0	0	0	0	0	0	0	0	0	0	0	0.034159593	0	0	0	0	0	0	0	0	0	0	0	0.016214311	0	0	0	0	0	0	0	0	0	0.001324822	0	0	0	0	0	0	0	0	0	0	0	0.007898352	0.002752221	0.005013747	0	0	0.002711324	0	0	0	0	0.001093494
d__Bacteria;p__Firmicutes;c__Clostridia;o__Lachnospirales;f__Lachnospiraceae;g__Roseburia;s__uncultured_bacterium	0	0	0	0	0	0	0	0	0	0	0	0	0	0	0	0	0	0	0	0	0	0	0	0	0	0	0	0	0	0	0	0	0	0	0	0	0	0	0	0	0	0	0	0	0	0	0	0	0	0	0	0.025966396	0	0	0	0	0	0	0	0	0	0	0	0	0	0	0	0	0	0	0	0	0	0.007640797	0	0.002749474	0	0	0.001435407	0	0	0	0	0
d__Bacteria;p__Firmicutes;c__Clostridia;o__Lachnospirales;f__Lachnospiraceae;g__[Ruminococcus]_gnavus_group;s__uncultured_bacterium	0	0	0	0	0	0	0	0	0	0	0	0	0	0	0	0	0	0	0	0	0	0	0	0	0	0	0	0	0	0	0	0	0	0	0	0	0	0	0	0.037826825	0.000706964	0	0	0	0.006674082	0	0	0	0	0	0	0	0	0	0	0	0	0	0	0	0	0	0	0	0	0	0	0	0	0	0	0	0	0	0	0	0	0	0.001435407	0	0	0	0	0
d__Bacteria;p__Firmicutes;c__Clostridia;o__Oscillospirales;f__Ruminococcaceae;g__Faecalibacterium;s__uncultured_bacterium	0	0	0	0	0	0	0	0	0	0	0	0	0.000218742	0	0	0	0	0	0	0	0	0	0	0	0	0	0	0	0	0	0	0	0	0	0	0	0	0	0	0	0	0	0	0	0	0	0	0	0	0	0	0.009047115	0	0	0	0	0	0	0	0	0	0.00228833	0	0	0	0	0	0	0	0	0	0.000299611	0	0.011933379	0.000943619	0.002426007	0	0	0.000797448	0	0	0	0	0
d__Bacteria;p__Firmicutes;c__Clostridia;o__Oscillospirales;f__Ruminococcaceae;g__Ruminococcus;s__uncultured_bacterium	0	0	0	0	0	0	0	0	0	0	0	0	0	0	0	0	0	0	0	0	0	0	0	0	0	0	0	0	0	0	0	0	0	0	0	0	0	0	0	0	0	0	0	0	0	0	0	0	0	0	0	0.011162026	0	0	0	0	0	0	0	0	0	0	0	0	0	0	0	0	0	0	0	0	0	0.002146291	0.001179523	0.002264273	0	0	0.000637959	0	0	0	0	0
d__Bacteria;p__Firmicutes;c__Clostridia;o__Oscillospirales;f__Ruminococcaceae;g__Subdoligranulum;s__uncultured_bacterium	0	0	0	0	0	0	0	0	0	0	0	0	0.00026249	0	0	0	0	0	0	0	0	0	0	0	0	0	0	0	0	0	0	0	0	0	0	0	0	0	0	0	0	0	0	0	0	0	0	0	0	0	0	0.010927036	0	0	0	0	0	0	0	0	0	0	0	0	0	0	0	0	0	0	0	0	0	0	0.000393174	0.001617338	0	0	0	0	0	0	0	0
d__Bacteria;p__Firmicutes;c__Clostridia;o__Peptostreptococcales-Tissierellales;f__Peptostreptococcales-Tissierellales;g__Anaerococcus;s__uncultured_bacterium	0	0.000987136	0.003448693	0.031917176	0.00051337	0.003837667	0.023767167	0.003594097	0	0.000935016	0	0	0.019118033	0.000178031	0	0	0.003575419	0.004820847	0	0.000514744	0	0.000699496	0	0	0.000217912	0.000404727	0	0.002194398	0.002137323	0	0.008411677	0	0	0.000483325	0	0.001205909	0.001572898	0	0	0.005840407	0.010074231	0.01620131	0.185433295	0.185541974	0.018631813	0.115946379	0.018771587	0.047991262	0.407453903	0.023763202	0.19017358	0.020561626	0.064835787	0.007952109	0.001143511	0	0.001475797	0.00195395	0.009004702	0.003513395	0.036314152	0.017222691	0.032808868	0.033021248	0.100317864	0.011813187	0.009049774	0	0	0	0.009116748	0.024967542	0.026743576	0.012791896	0.017221043	0.041403849	0.204958006	0.106957425	0.247049442	0	0.01191796	0.0023912	0.003164557	0.011481684
d__Bacteria;p__Firmicutes;c__Clostridia;o__Peptostreptococcales-Tissierellales;f__Peptostreptococcales-Tissierellales;g__Finegoldia;s__uncultured_bacterium	0.000916514	0.001665793	0.002480639	0.22309838	0.000982099	0.0011513	0.001352024	0.002064694	0.004756243	0.003740065	0.000478149	0.000794767	0.064047598	0.000213637	0.002399389	0.001340483	0.000744879	0.001368078	0.000989511	0.000661813	0	0.000209849	0.001461988	0.000651749	0	0	0.007194245	0.010326578	0.016564253	0.006454944	0.003834735	0	0.001755196	0.000483325	0.003453635	0.00582856	0.000362976	0	0	0.004821732	0.010427713	0.003791796	0.000855188	0.001457136	0.012513904	0.016806723	0.003453972	0.013653275	0.008003138	0.003474152	0.052956752	0.016096816	0.022366931	0.000312723	0.000457404	0	0	0.00100338	0.030121922	0.000878349	0.004199067	0.01047814	0.006883605	0.002018277	0.002097902	0.016163004	0.006645928	0.001208459	0.002352941	0.000856031	0.007025259	0.01178468	0.00031463	0.038289835	0.009121648	0.058224163	0.001964237	0.004672897	0.043221691	0.011713031	0.005820399	0.003666507	0.001172058	0.005194095
d__Bacteria;p__Firmicutes;c__Clostridia;o__Peptostreptococcales-Tissierellales;f__Peptostreptococcales-Tissierellales;g__Peptoniphilus;s__uncultured_bacterium	0	0.001203072	0.001028558	0.031380753	0	0	0.000782751	0.001070582	0.00110979	0	0	0	0.000699974	0	0	0	0	0	0	0	0.000200803	0	0	0	0	0	0	0.001548987	0.00347315	0.002840176	0.009277585	0	0	0.000402771	0	0.001607879	0	0	0	0.004482173	0.00194415	0.00275767	0.002423033	0.004371408	0.005561735	0.011404562	0.003303799	0.008806362	0.138171832	0.005558644	0.010355987	0.00446481	0.006653454	0.00665654	0	0	0.004033845	0.001742712	0.001035939	0	0.001321928	0.007708057	0.003397104	0.001289455	0.000635728	0.005173993	0.002121041	0	0	0	0.001126187	0.005293119	0	0.005580357	0.004089015	0.042859453	0.00291249	0.034267913	0.027272727	0	0.00304878	0.002550614	0.000703235	0.002460361
d__Bacteria;p__Firmicutes;c__Negativicutes;o__Veillonellales-Selenomonadales;f__Veillonellaceae;g__Dialister;s__uncultured_bacterium	0	0	0	0	0	0	0	0	0	0	0	0	0	0	0	0	0	0	0	0	0	0	0	0	0	0	0	0	0	0	0.001979218	0	0	0	0	0	0	0	0	0	0	0	0	0	0	0	0	0	0	0	0	0	0	0	0	0	0	0	0	0	0	0	0	0	0	0	0	0	0	0	0	0	0	0.00051511	0.001179523	0.015041242	0	0	0	0	0	0.000637653	0	0.001776927
d__Bacteria;p__Firmicutes;c__Negativicutes;o__Veillonellales-Selenomonadales;f__Veillonellaceae;g__Veillonella;__	0	0	0	0	0	0	0	0	0	0	0	0	0.001006212	0	0	0.007011755	0.001489758	0	0	0	0	0	0	0	0	0	0	0	0	0	0	0	0	0	0	0	0	0	0	0.016095076	0	0	0	0	0	0	0	0.000170666	0	0	0	0.001762425	0	0	0	0	0	0	0	0	0	0	0	0	0	0	0	0	0	0	0	0	0	0	0	0	0	0	0	0	0	0	0	0
d__Bacteria;p__Firmicutes;c__Negativicutes;o__Veillonellales-Selenomonadales;f__Veillonellaceae;g__Veillonella;s__uncultured_bacterium	0.000499917	0	0	0	0	0.001822892	0	0	0	0	0.002295113	0	0.026292764	0	0	0.009383378	0.000595903	0	0	0	0	0.000279799	0	0	0.000762693	0	0	0	0	0	0.022266205	0	0	0	0	0.000502462	0	0.010011123	0	0	0.003711559	0	0.004561003	0.000566664	0.006117909	0.003601441	0.002853281	0.00085333	0	0	0.000764931	0	0	0	0	0	0	0	0.001035939	0.000878349	0	0.003131398	0	0	0	0	0.000565611	0	0	0	0	0	0	0.00154533	0.006526697	0.002102539	0.001151449	0	0.002232855	0	0.011086475	0.013550136	0.000586029	0.00874795
d__Bacteria;p__Proteobacteria;c__Alphaproteobacteria;o__Acetobacterales;f__Acetobacteraceae;g__Endobacter;s__uncultured_bacterium	0	0	0	0	0	0	0	0	0	0	0	0	0	0	0	0	0	0	0	0	0	0	0	0	0	0	0	0	0	0	0	0	0	0	0	0	0	0	0	0	0	0	0	0	0	0	0	0	0	0	0	0	0	0	0	0	0	0	0	0	0	0	0	0	0	0	0	0	0	0	0	0	0	0	0	0	0	0	0	0	0	0	0	0.015582285
d__Bacteria;p__Proteobacteria;c__Alphaproteobacteria;o__Rhizobiales;f__Beijerinckiaceae;g__1174-901-12;s__uncultured_bacterium	0	0	0	0	0	0	0	0	0	0	0	0	0	0	0	0	0	0	0	0	0	0	0	0	0	0	0	0	0	0	0	0	0	0	0	0	0	0	0	0	0	0	0	0	0	0	0	0	0	0	0	0	0	0	0	0	0	0	0	0	0	0	0	0	0	0	0	0	0	0	0	0	0	0	0	0	0	0	0	0	0	0	0	0.012711864
d__Bacteria;p__Proteobacteria;c__Alphaproteobacteria;o__Rhodobacterales;f__Rhodobacteraceae;g__Paracoccus;__	0	0.001696641	0.001875605	0	0	0	0	0.000917642	0.001664685	0	0	0	0.001837431	0	0.002508452	0.005155702	0.010353818	0.000586319	0	0	0	0.000349748	0	0	0	0.000728509	0	0.00813218	0.009083623	0.012909889	0.003587333	0	0	0	0	0	0	0	0	0	0	0	0	0	0	0	0	0.000887463	0	0.00069483	0	0	0	0	0	0.00022786	0	0	0	0.001756697	0	0.012525593	0	0	0	0	0	0	0	0	0	0	0	0	0.001336793	0	0.021132484	0.002076843	0.038118022	0	0	0	0	0
d__Bacteria;p__Proteobacteria;c__Alphaproteobacteria;o__Rhodobacterales;f__Rhodobacteraceae;g__Paracoccus;s__Paracoccus_sp.	0	0	0	0	0.000178563	0	0	0	0	0	0	0	0.002274915	0	0.002181263	0	0	0	0	0.000955953	0	0	0	0	0	0	0	0.015489867	0	0	0	0	0	0	0	0	0	0	0	0	0	0	0	0	0	0	0	0	0	0	0	0	0	0	0	0	0	0	0	0	0	0	0	0	0	0	0	0	0	0	0	0	0	0	0	0	0	0	0.013875598	0	0	0	0	0
d__Bacteria;p__Proteobacteria;c__Alphaproteobacteria;o__Rhodobacterales;f__Rhodobacteraceae;g__Paracoccus;s__uncultured_bacterium	0	0	0	0.000911919	0	0	0	0	0	0.002493377	0	0	0	0	0	0	0	0	0.000643182	0	0	0	0	0	0	0	0.008502289	0.013424551	0	0	0	0	0	0	0	0.000904432	0	0	0	0	0	0	0	0	0.001946607	0	0	0	0	0	0	0	0	0	0	0	0	0	0	0	0	0	0	0	0	0	0	0	0	0	0	0	0	0	0	0	0	0	0	0	0	0	0	0.003007108
d__Bacteria;p__Proteobacteria;c__Alphaproteobacteria;o__Rickettsiales;f__Mitochondria;g__Mitochondria;__	0	0	0.000726041	0	0	0	0	0	0	0	0	0	0.00481232	0	0	0.016601361	0	0	0	0	0	0	0	0	0	0	0	0	0	0	0	0	0	0	0	0	0	0	0	0	0	0	0	0	0	0	0	0	0	0	0	0	0	0	0	0	0	0	0	0.000585566	0	0	0	0	0	0	0.010180995	0	0	0	0	0	0	0	0	0	0	0	0	0	0	0.016897816	0	0
d__Bacteria;p__Proteobacteria;c__Alphaproteobacteria;o__Tistrellales;f__Geminicoccaceae;g__Candidatus_Alysiosphaera;s__uncultured_bacterium	0	0	0	0	0	0	0	0	0	0	0	0	0	0	0	0	0	0	0	0	0	0	0	0	0	0	0	0	0	0	0	0	0	0	0	0	0	0	0	0	0	0	0	0	0	0	0.012464334	0.000546131	0	0	0	0	0	0	0	0	0	0	0	0	0	0.00373359	0	0	0	0	0	0	0	0	0	0	0	0	0	0	0	0	0	0	0	0	0	0
d__Bacteria;p__Proteobacteria;c__Gammaproteobacteria;o__Alteromonadales;f__Alteromonadaceae;g__Alishewanella;__	0	0	0	0	0	0	0	0	0	0	0	0	0	0	0	0	0	0	0	0	0	0	0	0	0	0	0	0	0	0	0	0	0	0	0	0	0	0	0	0	0	0	0	0	0	0	0	0	0	0	0	0	0	0	0	0	0	0	0	0	0	0.010237264	0	0	0	0	0	0	0	0	0	0	0	0	0	0	0	0	0	0	0	0	0	0
d__Bacteria;p__Proteobacteria;c__Gammaproteobacteria;o__Alteromonadales;f__Pseudoalteromonadaceae;g__Pseudoalteromonas;__	0	0	0	0	0	0.012472417	0	0	0	0	0	0	0.001356199	0	0	0	0	0	0	0	0	0	0	0	0	0	0	0	0	0	0	0	0	0	0	0	0	0	0	0	0	0	0	0	0	0	0	0	0	0	0	0	0	0	0	0	0	0	0	0	0	0	0	0	0	0	0	0	0	0	0	0	0	0	0	0	0	0	0	0	0	0	0	0
d__Bacteria;p__Proteobacteria;c__Gammaproteobacteria;o__Burkholderiales;f__Neisseriaceae;g__Neisseria;s__uncultured_bacterium	0	0.000431872	0.000786544	0.001931123	0	0	0	0	0	0.000935016	0.001051927	0	0.003587365	0	0.000545316	0.026294081	0.016685289	0.000977199	0.00089056	0.001544231	0.000573723	0.000489647	0.002126528	0	0	0	0	0.002968891	0.002938819	0	0.068901534	0	0	0.000483325	0	0	0	0	0	0.00237691	0	0	0	0	0.00125139	0.00110044	0	0	0	0	0	0	0	0	0	0	0	0	0	0	0	0	0	0	0	0	0	0	0	0	0	0.000898832	0	0	0	0	0	0	0	0	0.033259424	0	0	0
d__Bacteria;p__Proteobacteria;c__Gammaproteobacteria;o__Burkholderiales;f__Neisseriaceae;g__uncultured;s__uncultured_bacterium	0	0	0.00375121	0.001877481	0.142292755	0.017365442	0	0.000688231	0.00443916	0.014804426	0	0	0	0.000249243	0	0.000824912	0	0	0	0	0	0	0	0.000760374	0	0	0	0.002194398	0.001870158	0	0	0.00849835	0.002678984	0.006605445	0.000863409	0.001205909	0	0	0	0.001290323	0	0	0.002565564	0.023718935	0.001807564	0	0.009010362	0	0	0	0.000117682	0.00164493	0	0	0	0	0	0	0	0	0	0	0	0.000280316	0	0	0	0	0	0	0	0	0	0	0.000471809	0.001132137	0	0	0	0	0	0.003188267	0.000820441	0.003690541
d__Bacteria;p__Proteobacteria;c__Gammaproteobacteria;o__Pasteurellales;f__Pasteurellaceae;g__Haemophilus;__	0	0	0	0	0	0	0	0	0	0	0	0	0	0	0	0	0.003426443	0	0	0	0	0	0.001461988	0	0	0	0	0	0.002404488	0	0	0	0	0	0	0	0	0	0	0	0	0	0	0.002104752	0.031423804	0.016606643	0.007358462	0.001262928	0	0.000416898	0	0	0	0	0	0	0	0	0	0	0	0	0	0	0	0	0	0	0	0	0	0	0	0	0	0	0	0	0	0	0	0	0	0
d__Bacteria;p__Proteobacteria;c__Gammaproteobacteria;o__Pasteurellales;f__Pasteurellaceae;g__Haemophilus;s__uncultured_bacterium	0.000583236	0	0.001149564	0.000536423	0.002254364	0.018037033	0	0	0.000396354	0	0.004398967	0	0.012380786	0.000961367	0.000872505	0.01453908	0.012960894	0.000912052	0.002770631	0.003088462	0	0	0.000797448	0	0	0	0	0.002581645	0.003740315	0.003614769	0.022389906	0	0	0	0	0.000803939	0	0.002502781	0	0.002648557	0.002474373	0	0	0	0.010984427	0	0.007358462	0	0	0	0	0	0	0	0	0	0	0	0.000956251	0	0	0.003372275	0	0	0	0	0.000424208	0	0	0	0.000321768	0	0	0	0.001179523	0	0.001083717	0	0	0	0.018569845	0	0	0.020503007
d__Bacteria;p__Proteobacteria;c__Gammaproteobacteria;o__Pasteurellales;f__Pasteurellaceae;g__uncultured;s__uncultured_bacterium	0	0	0	0	0	0	0	0	0	0	0	0	0	0	0	0	0	0	0	0	0	0	0	0	0	0	0	0	0	0	0	0	0	0	0	0	0	0	0	0	0	0	0	0	0	0	0	0	0	0	0	0	0	0	0	0	0	0	0	0	0	0.01047814	0	0	0	0	0	0	0	0	0	0	0	0	0	0	0	0	0	0	0	0	0	0
d__Bacteria;p__Proteobacteria;c__Gammaproteobacteria;o__Pseudomonadales;f__Moraxellaceae;g__Acinetobacter;__	0	0.000246784	0	0	0.004062319	0.0046052	0	0.001299992	0.000396354	0	0	0	0.002843643	0	0	0	0.000372439	0	0	0	0	0.000349748	0	0	0.013510569	0	0	0.003614302	0.002137323	0.007487736	0	0	0	0	0.00103609	0.003617727	0	0	0	0.007470289	0	0	0.000997719	0.000242856	0.021690768	0	0.004805526	0	0	0	0	0	0	0	0	0	0	0	0	0	0	0.091171866	0.007419989	0	0	0	0	0	0	0	0	0.000499351	0	0	0	0	0.001219182	0	0.018341308	0.019033675	0	0.02279611	0	0.0370421
d__Bacteria;p__Proteobacteria;c__Gammaproteobacteria;o__Pseudomonadales;f__Moraxellaceae;g__Acinetobacter;s__Acinetobacter_calcoaceticus	0	0	0	0	0	0	0	0	0	0.004207574	0	0	0	0	0	0	0	0	0	0	0	0	0	0	0	0	0	0	0	0	0	0	0	0	0	0	0	0	0	0	0	0	0	0	0	0	0	0	0	0	0	0	0	0	0	0	0	0	0	0	0	0	0	0	0	0	0	0	0	0	0	0.000898832	0	0	0	0	0	0	0	0	0	0.005898294	0	0.010934937
d__Bacteria;p__Proteobacteria;c__Gammaproteobacteria;o__Pseudomonadales;f__Moraxellaceae;g__Acinetobacter;s__uncultured_bacterium	0	0	0	0	0	0	0	0	0	0	0	0.000978174	0	0	0	0	0	0	0	0	0	0	0	0	0	0	0	0	0	0	0	0	0	0	0	0	0	0	0	0	0	0	0	0	0	0	0	0	0	0	0	0	0	0	0	0	0	0	0	0	0	0	0.002413731	0	0	0	0	0	0	0	0	0	0	0	0	0	0	0	0.001754386	0	0	0.017694883	0.001289264	0
d__Bacteria;p__Proteobacteria;c__Gammaproteobacteria;o__Pseudomonadales;f__Moraxellaceae;g__Enhydrobacter;s__uncultured_bacterium	0.005415764	0.002344449	0.005445305	0.002199335	0.000691933	0.000767533	0.001352024	0.002370574	0.001347602	0.001870033	0.001338816	0.001283854	0.004199843	0.000498487	0.001199695	0.004227676	0	0.002736156	0.001434791	0.004265019	0.000516351	0.001608842	0	0	0.001089562	0.001699854	0.005232178	0.008777591	0.043280791	0.045442809	0	0	0.00073903	0	0.001726817	0.002009848	0.001088929	0.001946607	0.001599488	0.012835314	0.007423118	0	0	0.001376184	0.078559511	0.003501401	0.051509236	0.008533297	0	0.007226237	0.000529568	0.012571966	0.001557191	0	0.001600915	0	0	0.003643853	0.001115627	0.001317523	0	0.017704444	0.006257822	0.000897012	0.001335029	0.000549451	0.015837104	0	0	0.000389105	0.000858047	0	0	0	0.000864984	0.002749474	0.004131672	0	0.008931419	0.014641288	0.00748337	0.012274829	0.004688233	0.018862767
d__Bacteria;p__Proteobacteria;c__Gammaproteobacteria;o__Pseudomonadales;f__Moraxellaceae;g__Moraxella;__	0	0	0	0	0	0	0	0	0	0	0	0	0	0	0	0	0	0	0	0	0.000172117	0	0	0	0	0	0	0	0	0	0	0	0	0	0	0	0	0	0	0	0	0	0	0	0	0	0	0	0	0	0	0	0	0	0	0	0	0	0	0	0	0.001686138	0	0	0	0	0	0	0	0	0	0.01188455	0	0	0	0	0	0	0	0	0	0	0	0
d__Bacteria;p__Proteobacteria;c__Gammaproteobacteria;o__Pseudomonadales;f__Moraxellaceae;g__Moraxella;s__uncultured_bacterium	0	0	0	0	0	0	0	0.004358798	0	0	0	0	0.000612477	0	0	0	0	0	0	0	0	0.000839396	0	0	0	0.005828072	0	0	0	0.011360702	0	0	0	0	0	0	0	0	0	0	0	0	0	0	0	0	0	0	0	0	0	0	0	0	0	0	0	0	0	0	0	0	0	0	0	0	0	0	0	0	0	0	0	0	0.000864984	0.000970403	0	0	0	0	0	0	0	0
d__Bacteria;p__Proteobacteria;c__Gammaproteobacteria;o__Pseudomonadales;f__Moraxellaceae;g__Psychrobacter;s__Psychrobacter_sp.	0	0	0	0	6.70E-05	0.040583325	0	0.000305881	0	0	0	0	0.001574941	0	0	0	0	0	0.000296853	0	0	0	0	0	0.001634343	0	0	0	0	0	0	0	0	0	0	0	0	0	0	0	0	0	0	0	0	0	0	0	0	0	0	0	0	0	0	0	0	0	0	0	0	0	0	0	0	0	0	0	0	0	0	0	0	0	0.001336793	0	0	0	0	0	0.001940133	0	0	0
d__Bacteria;p__Proteobacteria;c__Gammaproteobacteria;o__Pseudomonadales;f__Pseudomonadaceae;g__Pseudomonas;__	0	0	0	0	0.000558011	0	0	0	0	0	0.001243186	0	0.001662438	0	0	0	0	0	0.000494756	0	0	0	0	0	0.002832861	0	0	0	0.003205985	0	0	0	0	0	0	0	0	0	0	0.007809847	0.005302227	0	0	0	0.005422692	0.006302521	0	0	0	0	0	0.002232405	0	0	0	0	0	0.000264047	0	0	0	0.047934482	0	0	0	0	0.002545249	0	0	0	0	0.006691301	0	0	0	0	0	0	0.001435407	0	0	0.004144747	0	0.010251504
d__Bacteria;p__Proteobacteria;c__Gammaproteobacteria;o__Pseudomonadales;f__Pseudomonadaceae;g__Pseudomonas;s__Pseudomonas_sp.	0	0	0.002299129	0.000965562	0.001941878	0.000959417	0.000498114	0.001070582	0.002061038	0.004675082	0	0	0.010280864	0.000356062	0.005998473	0	0	0.001302932	0.001484267	0.001323627	0.00037292	0.000839396	0	0	0	0.003804436	0	0.0116174	0.018434411	0.008520527	0.002968827	0.001567657	0.003233256	0	0.001726817	0.002311325	0	0	0	0.018268251	0.037645811	0.004825922	0	0	0.026140156	0	0.019822796	0	0	0	0	0.016801786	0	0	0	0.000683579	0	0	0	0	0	0	0	0.001289455	0	0	0.00989819	0	0	0	0.000482651	0.006990912	0	0	0	0	0	0	0	0	0	0.029491471	0	0.027063969
d__Bacteria;p__Proteobacteria;c__Gammaproteobacteria;o__Vibrionales;f__Vibrionaceae;g__Photobacterium;__	0	0	0	0	0.005289942	0	0	0.000305881	0	0	0	0	0	0	0	0	0	0	0	0	0	0	0	0.000434499	0	0	0	0	0.007213465	0	0	0	0	0	0	0	0	0	0	0	0	0	0	0	0	0	0	0	0	0	0	0	0	0	0	0	0	0	0	0	0	0.034084066	0	0	0	0	0	0	0	0	0	0	0	0	0	0	0	0	0	0	0	0	0	0